user_id,name,yelping_since,review_count,average_stars,fans,friends_count,total_interactions,total_compliments,elite_years_count,elite_min_year,elite_max_year
qVc8ODYU5SZjKXVBgXdI7w,Walker,2007-01-25T16:47:26,585,3.91,267,14995,14470,2873,1,2007,2007
j14WgRoU_-2ZE1aw1dXrJg,Daniel,2009-01-25T04:35:42,4333,3.74,3138,4646,83438,20631,14,20,2021
2WnXYQFK0hXEoTxPtV2zvg,Steph,2008-07-25T10:41:00,665,3.32,52,381,4099,585,5,2009,2013
SZDeASXq7o05mMNLshsdIA,Gwen,2005-11-29T04:38:33,224,4.27,28,131,1141,136,3,2009,2011
hA5lMy-EnncsH4JoR-hFGQ,Karen,2007-01-05T19:40:59,79,3.54,1,27,51,4,0,0,0
q_QQ5kBBwlCcbL1s4NVK3g,Jane,2005-03-14T20:26:35,1221,3.85,1357,5843,36104,15707,9,2006,2014
cxuxXkcihfCbqt5Byrup8Q,Rob,2009-02-24T03:09:06,12,2.75,1,23,7,1,0,0,0
E9kcWJdJUHuTKfQurPljwA,Mike,2008-12-11T22:11:56,358,3.73,23,82,644,56,0,0,0
lO1iq-f75hnPNZkTy3Zerg,Rachelle,2008-12-29T22:40:56,40,4.04,7,488,195,26,0,0,0
AUi8MPWJ0mLkMfwbui27lg,John,2010-01-07T18:32:04,109,3.4,4,64,197,13,0,0,0
iYzhPPqnrjJkg1JHZyMhzA,Chris,2010-11-03T18:59:20,4,4.0,1,241,2,0,0,0,0
xoZvMJPDW6Q9pDAXI0e_Ww,Ryan,2009-05-27T06:12:10,535,3.89,31,356,2190,216,4,2009,2012
vVukUtqoLF5BvH_VtQFNoA,Charlene,2011-01-29T17:18:59,37,4.51,4,154,93,11,0,0,0
_crIokUeTCHVK_JVOy-0qQ,Kenny,2009-10-07T17:23:44,11,3.08,0,64,33,0,0,0,0
1McG5Rn_UDkmlkZOrsdptg,Teresa,2009-05-26T16:11:11,7,4.29,1,14,34,6,0,0,0
SgiBkhXeqIKl1PlFpZOycQ,Eugene,2006-08-25T16:47:25,682,3.75,44,187,4254,1031,5,2007,2011
fJZO_skqpnhk1kvomI4dmA,Jennifer,2008-07-14T16:01:36,25,4.15,1,13,50,14,0,0,0
x7YtLnBW2dUnrrpwaofVQQ,Ronskee,2010-05-06T00:40:56,37,3.84,9,84,114,206,0,0,0
QF1Kuhs8iwLWANNZxebTow,Catherine,2009-04-27T20:25:54,607,4.11,131,487,12436,4696,13,20,2021
VcLRGCG_VbAo8MxOm76jzA,AJ,2009-07-11T16:47:38,133,3.6,4,133,297,8,0,0,0
1L3O2CUTk27SnmqyPBWQdQ,Helen,2010-09-09T16:41:46,38,3.98,0,39,77,10,0,0,0
v7DwnrjzuTk7pXmuBPZnsg,Shell,2007-09-12T04:11:59,39,4.0,6,112,183,24,0,0,0
FT9CFS39sjZxVjCTrDHmdg,Stephanie,2010-06-14T21:44:28,201,3.52,5,181,899,83,2,2015,2016
MGPQVLsODMm9ZtYQW-g_OA,Jelena,2008-01-19T22:50:00,1807,4.06,828,6139,41526,12382,11,2008,2018
OlJ9vcVFB1iEKcZO-MS3cQ,Joz Joz Joz,2006-03-03T08:10:12,348,3.93,116,1878,4860,2197,7,2006,2012
wAw9FHMiOZd9ROoc5x4DpQ,Zuzzi,2007-08-05T06:34:02,564,3.81,37,210,1569,230,4,2008,2011
kggqL33iZjeHmUn1Rtdjzg,Jay,2010-09-20T21:56:48,15,3.5,9,853,293,5,0,0,0
wrNOKq0hOlz8q1N_YCNXCA,Peter,2008-09-30T02:06:53,30,4.33,5,47,52,7,0,0,0
4F0IjrUJGAieoWwHnRhIJw,Liliana,2007-12-19T02:56:45,254,3.69,21,105,928,129,7,2008,2014
4ZaqBJqt7laPPs8xfWvr6A,Nina,2008-08-16T22:43:21,801,3.41,75,492,3297,306,13,20,2021
zjPbmmvO4QzE_nE9uErLTg,Reis,2006-09-24T16:48:51,49,3.91,2,18,188,10,0,0,0
65uUyG9yuF0rdMh0z7ajaA,Don,2005-11-30T20:54:16,715,3.79,37,269,1778,452,10,2006,2015
NIhcRW6DWvk1JQhDhXwgOQ,Lia,2005-12-30T13:47:19,2288,3.69,345,998,24943,4436,17,20,2021
aF3mEXDJuILmeF-9PcxAsQ,C.J.,2007-06-26T15:50:11,250,3.53,15,40,812,56,1,2010,2010
baSDvZweZk6qLY_kHPvYzQ,Michelle,2008-02-18T01:40:04,300,3.63,22,208,757,163,2,2010,2011
XLs_PhrJ7Qwn_RfgMM7Djw,Weili,2009-07-12T14:34:54,90,3.62,1,28,111,4,0,0,0
rppTTi-kfF8-qyiArNemag,Helen,2006-01-24T14:33:32,460,3.33,49,387,1274,210,8,2010,2018
KYBEVBAP7QUlt1LjmatTJg,Matthew,2007-07-12T14:46:03,460,3.81,63,192,4692,1197,4,2008,2011
QJI9OSEn6ujRCtrX06vs1w,J,2007-03-19T18:15:32,1982,3.61,316,5840,30349,12377,1,2010,2010
AkBtT43dYcttxQ3qOzPBAg,Sherri,2007-02-20T18:21:07,1034,3.84,114,785,6786,2572,10,2007,2016
KXZ8A8h7Q9ZJRU5TM9asjw,Joanne,2010-03-20T17:40:40,102,3.54,7,357,222,18,0,0,0
5cVgAicAhCTSrKzsKDuTdw,Chang,2007-10-07T01:53:14,194,3.26,4,50,458,26,0,0,0
HoiOETUtwO4CL0PhjDCnSw,Whitney,2008-02-19T20:09:52,177,3.85,25,284,1004,323,3,2010,2012
rCedFOnskGvHQTprtA4-5g,Mike,2008-12-13T09:14:24,108,3.87,2,100,154,14,0,0,0
sgCZmOkdHBiaKaE6ZKVBaA,Chris,2005-12-12T06:30:39,100,3.19,2,149,144,11,0,0,0
yzonmWerCPxEI3ROuk6caA,Julie,2008-06-21T02:48:36,65,3.57,5,32,117,17,1,2011,2011
bNJmIcxc_FRWxftI_vhpbg,Peyman,2009-04-04T04:32:03,58,3.06,0,2,41,0,0,0,0
2Yw9-N2VYZFqg2ylhpb8NA,Kathryn,2011-01-12T23:13:34,11,4.0,1,26,40,1,0,0,0
og-Pb8auVwO-BA_-4TnK9Q,Jennifer,2011-06-13T05:46:22,14,4.69,0,113,33,1,0,0,0
RDTVzWPoCeGaUujrHIWRBQ,Jenna,2010-09-10T16:17:27,155,4.11,5,186,332,41,3,2011,2013
IpLRJY4CP3fXtlEd8Y4GFQ,Robyn,2009-04-11T14:35:46,518,2.95,35,605,2123,164,3,2009,2011
hluQms-QLpaqZASKlDCJHw,Adisak,2009-05-27T04:50:22,70,4.43,3,298,147,13,1,2010,2010
qsHZ6_yT870pmm4Oxvw5Og,Debbie,2011-06-16T01:55:54,39,3.85,5,290,101,2,0,0,0
ZIR96Kh35GvW2eLyQHJh1Q,David,2007-10-12T18:59:21,319,3.93,19,568,802,105,2,2012,2013
N4Y2GiUxnQOvUUHtFyayKg,Derek,2009-02-10T04:43:03,90,3.77,0,45,113,13,1,2010,2010
2l0O1EI1m0yWjFo2zSt71w,Shiho,2005-07-02T01:59:55,2837,3.92,492,5908,44014,5223,6,2006,2011
RgDVC3ZUBqpEe6Y1kPhIpw,Monica,2009-02-23T14:08:31,1282,4.17,804,4689,33794,9347,8,2009,2016
V6PeLHJ8D1C7utl4HzjBmg,Jay,2010-01-26T21:04:52,371,3.45,112,1459,5923,2162,6,2012,2017
OmjMNG77obZOKQ59o-Tx4Q,Jenna,2008-11-16T05:10:49,556,3.85,31,416,1180,228,7,2010,2016
B-OVAq7aQN1aPN3NiFekTg,Robert,2007-10-04T20:48:56,105,3.08,4,17,85,9,0,0,0
LwZJFLGxQwjjeOgpqTJnfw,Lucas,2010-09-21T18:14:11,157,3.63,5,294,167,23,0,0,0
lquc6IF6uGIeRomDLu9UnA,Ron,2007-10-04T01:20:53,1044,3.9,241,944,11003,3757,13,20,2021
M7giQhu5iK0ESOoZi3gpfQ,Sandor,2011-03-03T22:47:50,5,4.5,1,922,4,2,0,0,0
3oDIaMM1bd7cwN0eKQv-rA,Shan,2007-06-15T20:02:41,187,3.81,9,149,535,70,3,2008,2010
X7SwvRrnsZ8I3bEPGELpnQ,Jennifer,2008-01-24T14:46:02,666,3.28,47,450,2389,368,14,20,2021
YuRfPsIME6v5qYr3GfFzrg,Eric,2011-03-18T22:52:43,57,3.37,2,51,28,2,0,0,0
mqc6fRbm5ZBBl4J3203ctQ,Alicia,2009-07-13T03:08:13,78,3.86,6,124,526,121,2,2011,2012
n8bbgZJLENE4dC4E743ukQ,Caithlin,2010-12-17T19:29:57,4,3.5,0,1,9,0,0,0,0
-TT5e-YQU9xLb1JAGCGkQw,Daniel,2008-06-01T18:09:54,183,3.89,11,318,451,64,4,2010,2013
q7iWal_rXNSHkHeCMMvZxQ,Stephanie,2011-06-01T21:02:59,500,3.95,104,690,5841,1769,12,20,2021
0juMoWXC7z4c7LgQP2s3sA,JR,2011-03-18T11:58:09,199,3.4,9,72,763,65,4,2013,2016
vOUs1d2gsVGDkdH7_fKgMQ,Aimee,2010-09-18T01:05:17,48,4.2,1,79,125,4,0,0,0
OJorsQjotS1dIv--IVifCA,Cindy,2011-09-25T19:36:00,252,3.77,18,129,737,75,3,2012,2014
KxrKVxdXGkfMJ9XwJZzoLQ,Lisa,2008-10-16T21:03:02,950,3.81,35,168,2138,194,13,20,2021
VHdY6oG2JPVNjihWhOooAQ,Jessica,2005-07-21T01:16:04,2101,4.22,2627,7342,121560,44324,17,20,2021
eqS5lpxVMEzS_xaGP8NW_w,Connie,2008-02-14T04:54:46,265,4.2,8,42,790,112,7,20,2021
zx2NykkcJd1vdOgoS_ZhjQ,Marek,2010-09-24T15:03:47,50,3.75,0,40,41,4,0,0,0
MRQL87mqMrLgLBNYE97ahg,Brad,2010-06-03T01:28:04,141,4.2,8,93,348,36,2,2010,2011
YJ6S9R50pE0FsSDn3Z8j2g,Rebecca,2007-06-29T02:06:46,111,3.74,7,70,373,73,3,2008,2010
ov9G-Mn1XGFp6m8sFEmEng,Erin,2009-08-21T17:28:19,549,4.05,55,405,1739,287,0,0,0
LbPkYMGmsu4snHkY-Ri1ww,David,2011-03-05T05:28:00,14,4.71,2,140,15,4,0,0,0
3xrb0LpbaJ24Pkdyd55U8Q,Megan,2010-04-14T17:28:10,54,3.8,2,31,214,17,0,0,0
om5ZiponkpRqUNa3pVPiRg,Andrea,2006-01-18T02:35:04,2811,3.97,1002,5768,41594,9415,17,20,2021
K7thO1n-vZ9PFYiC7nTR2w,Yelper,2007-12-26T23:05:41,1554,3.68,326,1630,26774,10368,5,2008,2014
lRTLBbMLzDrnuAdEVSLrqA,BJ,2009-02-05T23:38:48,115,3.77,2,95,78,27,0,0,0
asAdx4Q3cAMykgPgtQt6cg,Sylvester,2010-08-31T13:25:09,123,4.2,7,58,222,32,0,0,0
08VTr9hyJikxfimhk78jbg,Major,2010-12-01T22:28:42,47,3.77,1,266,87,3,0,0,0
c7XI431TnC9_AkmC-qrXvQ,Shawn,2008-01-08T21:56:34,36,3.91,2,23,275,36,0,0,0
8cRfVboGSLA_yc94mBwY-w,Nasilele,2009-03-26T00:38:50,47,4.38,3,272,110,11,0,0,0
PZE8NFD4XYMejKLFJm47bw,Britt,2008-05-26T18:47:44,38,3.85,10,65,228,45,1,2010,2010
uVtkixXCP7LXRpC1EedGpA,Paulina,2011-03-08T03:00:03,77,3.91,14,177,404,112,1,2013,2013
IVz8D3L33io-7Bp3NTo8Pw,Kat,2009-05-08T23:19:18,129,4.0,2,38,174,21,0,0,0
d9WIz0Xuh9ECkHfVmqbhIw,Jeff,2009-08-25T06:41:56,324,3.82,16,222,1390,157,6,2010,2015
Y4DBgQUuecjUc7KGtWUVvA,Joanna,2006-05-23T01:55:48,364,3.89,56,338,2294,269,2,2007,2008
HmN7p502YMJGkBNv5bzi1w,Paulsegal,2008-01-04T17:55:57,544,3.75,19,869,903,82,0,0,0
8m2LgacB5VeP_1Mn5ZMC4w,Alan,2011-01-20T14:58:21,4,2.67,0,142,1,1,0,0,0
MvOXPiqRr9IjqVtwC5mUNA,Jessica,2010-08-01T20:00:52,111,3.77,10,84,496,91,2,2012,2013
PrJ37Ik9DxritxGPqI9ktw,David,2011-05-05T16:01:31,85,3.43,4,16,123,13,0,0,0
dHLL7SVGJw5uM6IEp_wb4Q,Constance,2010-07-30T22:23:15,538,3.5,23,265,1410,395,4,2010,2013
UQFE3BT1rsIYrcDvu_XVow,Mike,2005-07-22T23:17:54,1560,4.17,122,929,5083,539,17,20,2021
hSMVQ7MSh6B0OgPxFQFO8g,Reena,2009-01-25T06:23:45,920,3.95,88,522,4521,1593,6,2009,2014
MPQ5-SkAcPW5_uLn-7_jCw,Jocelyn,2009-03-16T18:16:41,24,4.16,2,299,69,11,0,0,0
jh-yu1Ap3TAwDS1ko6eqhg,Matt,2010-08-24T16:05:44,27,4.11,1,279,72,7,0,0,0
jVYzrVblDFSuL3GHtt8ZSA,Crystal,2008-10-24T03:50:26,1030,3.99,364,2771,12554,7209,4,2009,2012
w-zD8Ln3XZszM82AfVrspg,Robin,2008-05-05T02:55:07,90,4.11,5,36,239,36,1,2010,2010
3zxy3LVBV3ttxoYbY4rQ8A,Farrah,2008-05-12T09:13:06,2073,3.95,2073,7050,56620,19289,15,20,2021
bF2xmRxR_eyJ-HRs-ClOmw,Calysta,2009-07-16T15:25:27,159,3.53,6,165,594,45,3,2009,2011
qqOcmpUctU-Zn_DxhgW-Vw,Camille,2008-02-02T19:38:43,502,3.55,55,281,2293,375,10,2008,2019
Axd4L6VSBZ6QkHtqJAeCaw,Amanda,2008-05-03T21:46:52,283,3.62,41,114,1404,239,6,2009,2014
KrIL3TIOJI-tjvU6BlcA-g,Elisabeth,2010-06-17T22:38:44,141,4.22,18,34,366,44,2,2011,2012
2mdlIKeLV04q_wcPqNvRWA,B,2008-07-13T17:37:16,172,3.03,8,55,858,84,2,2008,2009
I7YQFiIsO82eliq8nqsLfA,Michelle,2010-04-26T20:45:56,885,3.84,50,196,3753,300,11,20,2021
yOwqfhtwO6q-6gzEhL1meg,Jameson,2009-06-14T16:41:04,9,3.2,3,151,105,15,0,0,0
NF7_K38Hc6G4R3hvEhT0dw,Jake,2007-09-29T03:45:23,209,2.91,5,42,346,11,0,0,0
FlhZYUEhfpfm0Ynxacftwg,Kate,2010-07-18T11:33:39,94,4.1,6,432,370,30,0,0,0
l4F2AnWqg3AibuQBN-tYcA,Andrea,2011-05-03T13:19:41,12,3.42,1,4,19,1,0,0,0
gRL9s6ENxV1qermRYDWjPQ,Moira,2010-08-18T05:34:05,182,3.8,12,113,990,250,4,2012,2015
0G-QF457q_0Z_jKqh6xWiA,Joi,2008-03-12T19:13:45,2009,4.1,944,6234,61571,17136,14,20,2021
1_pwoHx0CjDwfSAI7jRpzQ,Lauren,2008-09-12T20:34:26,205,3.64,27,128,1147,228,1,2009,2009
JhBHocI4yDmi2fus7UbKRw,Shells,2009-08-06T20:58:37,20,3.7,2,78,20,2,0,0,0
DgsKBCbBqbFv6dCO_czBIg,Laura,2008-04-23T17:33:40,43,3.3,0,24,172,3,0,0,0
ACkFmmPuBT6rsJ_yxA1DaQ,Stephanie,2009-03-06T04:22:00,72,3.95,7,14,152,6,0,0,0
MCcz4FmJQaqnIv6pzeS1VQ,Maribel,2009-01-05T22:36:08,483,3.27,41,329,4768,1032,3,2010,2012
2aYKApNwS5gi1XS_V6qYJg,Carmen,2008-05-15T23:30:56,296,3.5,22,131,861,49,7,2009,2016
6GHPzEmQNTjC7E3P9VF44w,Rachel,2008-06-04T18:44:01,394,3.71,22,286,1628,181,8,2008,2015
xwLpDq-rYnyObtBZCD0Wgg,Ellie,2009-02-26T13:42:02,191,3.51,7,601,422,39,6,20,2021
6aJNIB8yGHDiwrzyxlExRw,J.,2009-07-22T19:48:45,629,3.82,15,40,1013,61,0,0,0
CxpPcC2NCCAj_eXykAFCnA,Barbara,2007-02-04T22:20:05,76,3.66,6,32,196,27,2,2007,2008
xReXrRlxECFpHSS9F5hBCQ,Jon,2010-07-29T18:57:08,34,4.83,0,24,11,2,0,0,0
GPKYStqHcKtNYVLy2PvgoQ,Nick,2009-04-01T08:35:30,80,4.25,3,60,272,31,0,0,0
sHwBXS0trP0CC_f5K_11VA,Tai,2009-07-09T21:44:43,823,3.77,83,510,7451,2932,6,2010,2015
C0hNXqJZJuly7et8sSvSAQ,Michael,2008-02-07T08:38:27,69,3.63,16,105,568,300,0,0,0
IxkpteGXdi41e_WuyDxlww,Anthony,2009-01-04T05:06:33,26,4.19,0,44,34,2,0,0,0
rwamCBmlGdcdcyRoUcC4kQ,Jim,2011-01-27T01:30:16,3,4.67,0,176,3,3,0,0,0
A5UnAt6EYlDh2PPMpAHV_w,Sarah,2010-01-26T20:40:28,10,3.9,2,93,44,5,0,0,0
lNPRvk3WRgsJb-UEJ0J40g,Matty,2008-03-21T16:50:15,72,4.07,7,31,431,59,1,2009,2009
ITa3vh5ERI90G_WP4SmGUQ,Peter,2008-05-06T01:30:13,3193,4.01,2388,6417,129190,26588,15,20,2021
582iTyqKkoHeBFPMJuQEJw,Chris,2006-12-21T03:58:10,319,3.88,29,195,1529,455,8,2007,2014
iEONL-v4W46yliYsovCP_g,Dan,2007-09-24T21:15:37,947,3.65,89,805,7074,1093,6,2007,2012
nDPpFNHBId4o5kjKLpubJg,Lizzie,2009-05-17T22:10:06,39,4.19,2,5,99,2,0,0,0
g_HiAtI7YBc9rpEhm4qvYg,Sarah,2008-02-28T04:44:26,136,4.2,9,63,213,31,4,2009,2012
DEbiQnC6NsTkddrOm3SF6Q,The,2008-02-28T20:25:33,162,2.95,3,16,299,44,0,0,0
2Od6rQYNvPUXQC2Go7vIqg,Catherine,2007-08-22T17:13:14,986,3.63,21,60,956,58,12,20,2021
_SmK7sPegNCXH-oYR7503A,Jen,2006-01-18T18:01:34,147,3.75,13,31,296,44,0,0,0
2q6LXB2ZR9LiAk0Ltww-Gw,Kristi,2011-03-19T22:37:14,11,3.45,0,20,34,1,0,0,0
8zkkuk8KOoNojZhTx0j5KA,Melissa,2010-02-05T22:30:21,159,3.67,11,226,384,57,3,2012,2014
ZhK2xIa4f73JZfua7IP8vA,Steve,2010-01-19T02:44:55,690,3.64,48,578,1762,119,12,20,2021
4iX1eeMV0VQa7SlN6UXJOw,Matthew,2011-02-17T02:11:33,69,3.79,1,42,79,21,0,0,0
Q5jOFJYhIsN8ouJ1rnsLQQ,Matthew,2006-06-21T20:03:01,593,3.79,36,151,2025,400,10,2009,2018
N_mkNFTiBCw2bbF_TJY9Ug,Ale,2007-06-06T06:58:04,41,3.99,2,64,122,91,5,2010,2014
IPzVg0wE9EW2_VfJI0Uzgg,Pat,2006-01-04T22:31:35,449,3.82,10,30,850,52,2,2006,2007
P3SCIo2ExYs2-eehTNSv4Q,Noah,2009-12-01T19:14:15,74,3.72,8,20,782,47,2,2011,2012
P5bUL3Engv-2z6kKohB6qQ,Kim,2006-05-31T21:27:42,9941,3.81,825,3695,59696,5881,17,20,2021
VpREWOjt5Pna6OIgXI9Jcg,Tara,2007-10-25T00:56:30,327,3.78,101,448,5335,2863,6,2008,2013
ukCAVNbolx0_gaAkDYZnEA,Trish,2006-11-05T06:24:29,759,3.7,70,412,6484,2942,5,2007,2011
qF1V8GyuLL5Fpv40Cyturw,Jacob,2009-10-26T16:24:27,228,3.71,13,64,694,119,2,2010,2011
clirF7pph8EPEoMtvrcj0w,Lauren,2009-08-04T21:48:51,373,4.2,34,504,1362,319,13,20,2021
bQ_qlqlZRFgfRlqveB-ILg,Rachel,2010-06-30T14:35:13,585,3.92,39,551,1343,290,5,2010,2014
PadmV2GEoA6mWpQUpPh7Ig,Monica,2006-11-08T18:36:50,695,3.82,104,1070,3371,1121,6,2010,2015
ouODopBKF3AqfCkuQEnrDg,Danan,2010-04-09T05:28:01,2108,3.57,134,1141,8487,536,13,20,2021
M74ZUoNHNOcQp1jJLlt3jA,Vivian Eri,2011-08-06T20:17:30,17,4.24,0,88,15,0,0,0,0
CDjeQhhH7ZoSKBDQ5_O3ag,Dave,2006-08-15T01:27:52,391,3.89,39,270,1951,377,14,20,2021
-RApyq06DMBii7ovXtQnfw,Garen,2010-07-13T01:21:32,1000,3.66,87,710,3294,132,10,20,2021
XvL3WrRN0_3hw0P5tO0J1Q,Peteen,2007-05-07T22:25:48,557,4.14,79,647,6048,2192,11,2007,2017
bCsS9EJOBTIxRGiqixB5rw,Tiffany,2010-10-14T22:55:15,46,3.08,1,96,114,14,0,0,0
8Akq8sh1LSmJbqa6Jjxxqg,Todd,2009-01-15T16:40:06,376,3.5,41,350,2735,619,5,2010,2014
YMgZqBUAddmFErxLtCfK_w,Samantha,2009-03-16T23:41:53,1985,3.65,186,1425,13082,913,13,20,2021
SSp_Idg6Ge-Lb6T99kgKSA,Michael,2012-01-30T22:45:09,5,5.0,0,210,24,0,0,0,0
R67_W_HXmsO-bd872AKw8Q,Olin,2010-07-05T14:23:00,651,3.02,22,342,999,172,0,0,0
Jw4OHr6HibJeEIMfAxc1_Q,Judy,2009-01-04T18:51:16,707,3.65,41,154,2021,348,7,2010,2018
iaDFNFfwwVmc_v3k3_cU1A,Felicia,2009-02-18T06:35:37,275,3.45,17,105,486,53,1,2015,2015
xHzU9LKwxGHq7BNPA16gog,Bill,2010-11-16T20:23:59,48,3.17,16,106,699,20,0,0,0
gYDFiPYFCeY52vvMvvy5Pw,Jamie,2009-08-27T19:07:33,193,4.03,18,290,709,211,5,2010,2014
0kSXMbNFo7mdwTPj4iQv9A,Archie,2008-11-25T08:46:24,1022,2.98,319,1576,39076,9275,2,2009,2010
HzoQKKHDq9BI37dyJAAtGA,Jim,2010-03-15T12:08:15,1145,3.67,109,1649,5528,1128,13,20,2021
627ihUMdDCxyXw1mOj1MVA,Jackie,2007-08-10T19:55:50,366,3.95,63,783,3523,1040,4,2009,2012
oW2bCSJ5bIHyRnoZvkHwDg,Uncle Fishbits Aeneas,2006-07-13T18:48:44,1680,4.14,158,605,10147,2114,0,0,0
8DqQqPnWLMllH2Dd0bETtQ,Chris,2008-01-11T00:09:38,363,3.89,48,548,5204,1268,4,2008,2011
JC99U5y-KAchZIjBhf_DiQ,Vanessa,2009-10-21T03:23:04,1186,3.67,45,172,1975,154,11,20,2021
1ziEzn7BoXTfOQ4YBkdz1Q,Christine,2008-05-07T20:40:15,703,3.81,53,301,2706,291,14,20,2021
n0Qbz7LaA0r46x-N2gPXxQ,P,2008-09-05T02:59:09,32,3.6,0,9,78,10,0,0,0
q-kq52Hm8a5ajWJ_dUlOoA,Minji,2010-07-16T15:37:15,2,1.0,0,22,11,0,0,0,0
qA3AGHIFaNyEd1PRX3QWRg,Mell,2009-05-27T02:41:46,105,3.46,10,64,413,98,3,2010,2012
cCwig3OI04K4HdOIXpnl_A,Jennifer,2006-04-03T17:20:01,684,3.9,76,461,3525,445,11,2006,2016
nomP8UcTgKjO6Yu2cLkr3g,Felix,2011-02-08T18:40:11,5,4.2,0,20,8,0,0,0,0
0GNqPGZNPNoTcJ1PFJrexw,Brendan,2009-03-10T16:58:36,25,4.28,1,61,44,13,0,0,0
sAb47uEcSjK3uQcylhkhPw,Deana,2009-07-23T16:04:56,920,3.65,59,369,5040,917,14,20,2021
IjRVv6v8VHqZMoFhmRrXBA,john,2008-03-24T19:09:07,68,2.55,2,41,430,15,0,0,0
p1pg5NleZVUO_hcOgiNMmA,Kim,2008-09-03T01:14:58,24,3.69,2,48,60,25,0,0,0
Cy9TCWiOHFvCAl3xiC5vHg,Terry,2009-08-13T02:42:40,36,4.41,2,6,67,1,0,0,0
gjxv-7WqYy_aK1ZAUreBFg,Dailoc,2010-10-28T21:01:28,62,4.13,4,136,152,28,1,2013,2013
h8pthOnqCxV94D8-JkZXCQ,Cecilia,2010-08-17T03:31:03,793,3.85,127,1220,7546,2600,9,2011,2019
NRrNQ5xHn_7Fu4ctlpKLbQ,Justin,2006-12-31T06:40:43,1002,3.49,51,382,2444,221,8,20,2021
iFreFyM8AcvM38exTtkjpA,Patrick,2011-03-09T04:16:56,61,3.77,0,423,59,19,0,0,0
Oqo_AB1BAv4mlPLOWgE-0A,Kristey,2009-05-15T20:03:26,36,3.29,1,20,55,6,0,0,0
PmWSamENF-UlNijlB_OckA,Ryan,2009-06-27T21:15:22,114,3.66,6,679,121,6,0,0,0
sxYfqtGh_5OuaRoT3d9aAg,Joshua,2010-07-23T21:55:17,9,4.44,1,25,33,5,0,0,0
lsCWo9DwJJ7tCRBHNjTsYA,Joy,2008-11-18T17:26:46,60,4.2,1,8,114,12,0,0,0
TDXV6AC5PYOZEyN9eeODfA,Stephanie,2005-11-15T19:42:07,631,3.68,75,420,2182,306,3,2006,2008
QKbq76KuUHLRZjWXDtbwWQ,Jess,2006-12-13T21:15:35,797,3.93,77,381,3537,492,9,2009,2017
jhuCv6dzRQ6a_kEaDvcrTA,Anna,2007-06-09T18:24:56,388,3.98,103,908,6744,2863,8,2009,2016
13f_vtUZEmlzweL91bmVng,Michelle,2009-08-13T02:18:10,1002,4.28,308,1939,84493,59989,5,2010,2014
5HGbhAzCXDngWSTckGBtuA,Jeremy,2011-07-23T19:51:14,18,3.89,1,436,55,1,0,0,0
jpY8IGiem6A7kXfPrFv0PA,Chau,2011-03-28T00:45:55,17,4.29,2,149,20,2,0,0,0
QWxW_pApmpY9iPApC8P-UQ,Kelvin,2007-10-19T16:38:24,1306,3.6,80,281,6438,739,11,20,2021
Z2pXm4f-2O5ZpMUmXuYK0Q,Michelle,2008-10-27T15:16:11,183,3.65,26,130,1465,367,5,2009,2015
S8JD8I-TRR7MoWyKhmw9VQ,Bethany,2008-03-28T04:37:46,45,4.02,7,35,354,50,3,2008,2010
8ZryN_S-n48g6rsa3W3QtQ,Dani,2008-10-27T21:47:03,2934,3.39,412,2197,172789,25582,13,20,2021
AW0tVcfwYZBiwtwYyaX0WA,Melissa,2009-01-08T23:55:17,307,3.64,25,189,1024,147,7,2010,2016
5Z0qHr3lRAy311-D-zo9uQ,charles,2010-02-09T15:28:37,1,4.0,0,6,0,0,0,0,0
C0RAAI96DJwITSFdioqqUA,Charity,2011-05-17T19:06:27,152,3.46,6,76,441,17,0,0,0
ZMGTBxvz2nfEvZDbXiH_zA,Chris,2011-04-21T01:43:03,75,3.66,8,29,237,47,3,2011,2014
UVUIi0q38pAvsfuEEppe0Q,Stephen,2011-04-08T22:19:26,3246,4.32,140,862,9237,938,11,20,2021
HAAdELyXWv8GPCz183SbvA,Amanda,2010-01-02T01:52:56,60,3.33,1,36,156,25,0,0,0
9_3lMnzpm8L92caFU5hH8Q,Kari,2010-02-25T22:37:16,36,3.82,5,343,153,10,0,0,0
4F3DmU8GaO_HHEbgPZ5v4g,Diane,2007-05-03T19:51:42,31,3.28,1,14,117,7,0,0,0
qYhPjTGtXE3DUJBahe85aQ,Jess,2010-03-22T00:40:42,42,3.6,2,24,206,10,0,0,0
OscdJZ1tFY5ybV4Ru5u7JA,Michael,2008-01-12T21:48:49,37,3.47,3,112,310,37,0,0,0
l1K53D1s2BjVXCFGUFYVOA,Nima,2007-12-16T01:46:41,217,3.5,247,323,1202,102,0,0,0
ZQWmua4kX75pcd1QB8Nk2g,Bianca,2007-10-09T01:45:21,65,2.96,2,5,293,10,0,0,0
Fu8D01UpP5DNnaI7dP9xEw,Ivonne,2008-03-21T16:49:21,228,3.81,37,347,2411,371,4,2009,2012
eUjJ0SDe6eBoZB7iKYifnw,Harsha,2009-06-13T21:49:41,675,4.19,110,676,3637,909,11,20,2021
BvPQDTs67bcDLWfPwH9dgQ,E,2007-08-29T19:23:17,625,3.99,83,443,9223,2242,11,2007,2017
5-GjKjU_rYn_SMgMVSmsIw,Joyce,2009-07-06T14:45:36,474,3.87,32,325,874,167,3,2010,2012
CsLsfpHlHrInwBfJmjR-zg,Corazon,2006-12-05T22:05:19,321,3.97,90,740,4797,2766,4,2008,2011
zDBOdWtl2PsNY38IeoE5cQ,Christine,2008-02-12T06:07:03,775,4.05,38,329,3639,905,13,20,2021
tXhscxwFTd-ayLTdPx_2yA,Jonah,2008-11-15T19:55:50,1712,3.44,53,448,2469,162,12,20,2021
aA0WQpDdksKuDafTGzJf_A,Warren,2007-05-06T22:48:26,161,3.63,23,36,842,108,3,2007,2009
VTRKrPvUgqAYUgO4HBxLQA,Marie,2008-03-13T22:19:51,129,3.77,10,1297,575,116,1,2008,2008
IEpSkLU6eODCxCrWwSFiWw,Bri,2011-01-19T08:07:31,13,3.93,1,238,37,7,0,0,0
bRA9ZC-bw74iEgx0iJp1bw,Bianca,2011-02-15T17:01:33,399,3.81,44,363,1405,130,7,2012,2018
g1cwG-9BWx5HvlrKPIbs9w,Natasha,2009-04-02T14:43:24,379,4.22,76,662,4078,1823,7,2010,2016
-uybOghOlhc_UHEZvkyShQ,Brian,2006-08-25T19:09:20,780,3.42,51,547,2723,178,17,20,2021
hkuwpVmoWqmmRNT6ly7eIw,LetsBeReal,2008-07-03T16:37:42,22,3.81,3,45,76,11,0,0,0
vPWjHU0ZFjy_9tEtk-8_pg,Howard,2010-05-20T20:54:52,157,3.75,5,67,232,15,5,2012,2016
RWQDfQbHcjbF8JHrHMlFxA,Lora,2010-03-02T05:00:11,92,3.86,1,95,202,51,1,2010,2010
kjbUQDXAdUKFXqVgtvLFug,Travis,2010-09-26T23:25:59,109,3.96,13,74,693,131,2,2011,2012
yFpmlk4flcdeIx7bAorSHA,Vera,2008-10-14T16:12:35,164,4.08,14,476,373,59,3,2012,2014
Z4rItwH8eQyhqkfGi9_6qg,Solomon,2008-04-23T04:00:20,502,3.64,23,442,1796,267,10,20,2021
eg1PcQVJ6TJMvQPCUkykaA,Kristen,2009-05-02T14:24:05,22,4.0,1,44,71,1,0,0,0
_8fmsrxFubASqYw_SAxkgA,Ashley,2012-07-12T12:12:02,71,3.99,6,47,118,27,0,0,0
zXQuFIgNgARtX6Nf5hIWIQ,Sammi,2010-11-08T05:47:42,1198,3.81,34,173,1815,140,5,2011,2015
V2mv5ZaysyAc-L9Z9RH3iw,Renae,2010-07-14T02:11:58,101,3.79,4,116,140,31,0,0,0
CItMwJUX0Dv8wwugxWVUPQ,Richie,2007-05-21T16:04:28,69,3.38,3,97,96,12,0,0,0
JOwThWdv2KZCO_u9MieR1g,Aaron,2007-08-02T19:53:56,38,4.13,3,36,398,55,1,2008,2008
baAxFn7RsH-kDu1Xebo-sQ,Dian,2007-05-25T03:39:18,144,3.51,10,35,1084,275,3,2008,2010
rh2Fyv5A0EBjnWxZC2RRHQ,Courtney,2010-11-03T17:28:08,32,4.22,4,145,118,41,1,2011,2011
KoqcznJYIXg19nzl286xOw,Trey,2011-04-05T03:14:06,36,3.81,4,249,68,9,0,0,0
fxqvyXlml4400BglsxRG_w,Cristina,2010-01-10T22:31:48,362,3.65,38,192,2014,1088,5,2011,2015
aIFbo8WaP6SCuOFnj_v9kA,Melody,2007-12-23T04:26:43,514,3.43,25,184,976,53,0,0,0
EiSKklI6PPHOoPLHqX1EOw,Victor,2012-04-26T03:02:25,28,4.86,4,764,41,4,0,0,0
7Na1pUcEv3oF_QTRwZ-2iw,Amanda,2011-10-23T23:52:25,839,4.18,66,912,6089,563,2,2012,2013
1-gnHNzZNbn8lFwYRF_CtA,Liz,2011-09-13T13:25:17,112,3.7,36,362,1025,216,3,2012,2014
UJEjJgi1xpmLR4b3J8fn2Q,Ken,2010-03-13T15:10:08,341,3.65,35,424,2178,497,7,2011,2018
OPN-dDUBkH7uH-G8nOnskg,Sarah,2007-10-25T20:40:50,537,3.85,33,242,2810,358,10,2008,2017
YSE4zpIUVIl0hyHoewyeCw,Natasha,2009-02-23T18:15:11,111,4.12,12,104,449,85,1,2012,2012
O4CBAPwJQ_43KbqArpFxpQ,Elissa,2008-07-11T06:47:36,99,3.93,20,260,585,268,0,0,0
MUzkXfPS9JaMgJ907orz0g,Damon,2009-01-29T03:48:53,752,4.16,90,297,3983,712,12,20,2021
W7Y3cKd50qabs646pZUKag,T,2006-10-22T02:02:34,266,3.67,12,18,1019,71,0,0,0
eJZsIYlozH-aJ8GMjcZBLA,Red,2010-01-05T09:09:00,13,2.92,0,9,48,5,0,0,0
LyoBey7pYHult00lhiS02g,Cassandra,2008-02-10T20:55:23,178,4.03,25,187,455,107,4,2009,2014
GcWXTgLffuZ5BsuZGcl02Q,Anna,2007-05-31T13:40:23,149,3.53,12,99,404,68,2,2009,2010
4PE0tDvV9Lo8VW8kDW1SFQ,Chris,2006-08-10T03:37:38,113,4.54,19,189,712,161,3,2007,2009
fdJde1TCDq0fvH-PbKiiEA,Caroline,2007-11-24T02:06:01,54,3.16,2,20,171,12,0,0,0
v9VCObZVWhOPdm1rKt8Dvg,Jonathan,2010-06-05T16:44:22,258,3.87,40,1694,3536,1243,7,2011,2017
UpMTSX253d01OPY-3-sjEw,Dallas,2007-02-26T21:29:39,408,3.85,56,484,5002,2138,11,2007,2017
JITevzyEgskIJc6sgOyEgw,Kristin Marie,2008-02-11T19:45:49,645,3.89,70,429,3263,686,14,20,2021
drui1iMt-TPzJiSkQp5CtA,Felicia,2007-08-02T21:41:41,212,4.15,35,212,1087,223,7,2010,2016
lfS2n5r2go3QuaOO7mtYwQ,Terrence,2009-07-23T16:33:01,22,4.65,2,108,39,23,0,0,0
SkYIKEIQfEo65_xHNM114w,Kumar,2010-11-17T17:10:32,117,4.06,5,310,206,12,0,0,0
hHDltEEGlvuhRjDvfbYpqg,Nadine,2007-05-05T04:11:31,1228,3.54,77,445,5650,602,15,20,2021
cJ7EsBomKWzKFLjauxeC_g,Patrick,2010-05-26T15:31:08,31,3.9,3,80,98,3,0,0,0
KVbMZV-XJPSH9wXEwuXIaA,David S.,2010-11-25T14:56:03,426,2.69,27,192,2897,451,0,0,0
81VIwNUOYQG4zTuSQEdkGw,Kellee,2006-12-07T21:23:13,200,3.6,24,109,963,207,4,2007,2010
oJMwdSEcl59FlX7cwaf0bA,Jenn,2008-07-27T00:37:06,312,4.16,76,657,1699,194,7,20,2021
GsEEM3WYB8rxu_gHcDPMCg,Saira,2010-12-13T22:36:42,94,4.01,10,70,155,18,0,0,0
_XrNNcEbNnut2Q4Py-LfKg,kathy,2010-01-03T00:32:29,443,3.65,18,342,2375,512,3,2010,2012
Bnf-KvDhT8WXrpv2WJEOQQ,Leah,2009-08-08T13:11:32,240,4.07,18,104,701,96,3,2010,2012
WeiirhJyaAY9kQ1cS5ZhwA,Gerrit,2009-07-16T00:40:28,108,4.01,3,9,139,7,0,0,0
Zratk2K3CMsgLusfnm7Rnw,Laura,2009-02-05T05:39:35,270,3.82,17,227,649,141,0,0,0
lHK2jZ1sAG_bMl83824CaA,Lorac,2010-12-23T23:59:32,115,3.71,10,17,184,30,0,0,0
1zSv6IxBK1LgEWvb4B6Brg,Gina,2009-05-28T17:30:22,28,3.93,6,118,70,16,0,0,0
4BqMMLCAGM5t50HnpdxvHA,Rose,2007-03-10T20:37:24,81,4.0,5,32,402,15,0,0,0
OfITV5ApuW7RpEvpOqJCqQ,Sarah,2008-01-09T21:29:58,121,3.84,10,42,320,54,0,0,0
gjhzKWsqCIrpEd9pevbKZw,Miriam,2005-09-21T16:54:53,3199,3.84,1201,4457,43414,12616,17,20,2021
YWFbTcVnun8i03XnEU7kVg,Craig,2008-10-30T23:49:18,762,4.43,202,1379,35106,19007,5,2009,2013
BgZwJBhVWKq1Urs4rKBdiA,Tres,2008-01-31T01:39:24,1545,3.51,83,912,13565,1012,3,2008,2010
ZNC4L7fkT9ke9Xi9OGL1Dw,Monica,2010-01-22T00:36:55,154,3.7,18,168,677,78,3,2010,2012
hmwKaQN_f0dnymp7XH2R2w,Diana,2009-10-12T22:35:44,251,4.15,21,610,911,176,2,2010,2012
rlphr1Hp6_x9e8yRGX42Fg,Linh,2008-06-18T03:13:13,540,3.66,44,184,1397,250,7,2011,2017
aAMbdEgSzj7k5UmGQu9fYg,Tony,2006-08-04T13:28:48,16,3.5,1,68,11,2,0,0,0
-NnBFf5fosrLMeqkEwVLHg,Junk,2008-06-01T00:05:53,278,3.28,12,16,1242,65,0,0,0
5q5R-Z54wm45Ec8G8CxZeA,Anastasia,2008-01-23T16:20:31,314,3.93,29,163,3619,365,7,2008,2014
D6bq08PeNGV_WkZbO572Bg,Gerald,2006-07-12T00:35:31,9,4.56,1,19,8,1,0,0,0
ZLFeb8d2jzQsCW21wzOq6g,Gloriene,2009-09-30T15:37:31,90,3.76,12,203,258,18,0,0,0
21TBXrUyPdyrC57TMA4ZbA,Ric,2011-04-02T23:45:26,18,4.3,3,214,27,7,0,0,0
vc1cikaZWIS2J9JY7IAWFA,Shaggy,2008-12-03T22:59:21,32,4.12,0,29,146,9,0,0,0
WY2UlNWEHn1Vv2-JpTzEUg,Mifa,2011-02-25T07:18:44,77,4.06,7,74,131,16,0,0,0
3FrPTLpqV3dU6AbNS3Y-gQ,Claudia,2009-09-13T00:54:57,25,3.96,7,196,74,4,0,0,0
kG_SL19KTLp6Cu9Az5ASOA,Jay,2009-08-28T13:40:26,23,2.48,0,166,8,1,0,0,0
flj6NjfxqwudsBvOTbrhug,Mel,2010-03-24T02:00:23,94,4.01,2,206,205,53,2,2012,2013
cEHn8OkDjjWQYbMKakACwg,Jesse,2012-07-22T00:09:02,11,4.36,1,4,11,0,0,0,0
FVjmJWsjzed0yDGlOB0QqA,Cidne,2006-09-15T01:32:26,475,3.47,295,768,15006,5929,5,2006,2010
Ve0LUwcrzxL7w0RYgY4Aaw,Katy,2008-08-22T16:38:41,1987,4.2,1118,7403,64422,17691,8,2009,2016
7C8xmWdGLipKQ7ZTRs7eYQ,Jul,2009-09-15T15:47:17,120,3.41,24,298,541,81,2,2010,2011
zpGbH9oVNYXy8YM89qFhPw,Rich,2009-04-10T18:33:50,159,3.69,18,365,332,67,3,2011,2014
_W4y7ku6Q0uGoiI3ePtkgQ,Jenni,2006-01-24T23:11:37,322,3.68,23,118,785,102,3,2007,2009
LnYL1PLsSOwG3i6M2ecSVg,Rachel,2007-08-05T06:31:17,161,3.8,5,53,609,79,6,2008,2013
skjkxo7Ewz3cbxW4TQNK5g,Nicole Rynee,2007-01-10T23:11:04,465,4.16,80,671,4198,1121,6,2007,2012
AHXUeYTwIy2ZETSpG01krw,Nicole,2010-06-09T00:12:41,26,3.74,1,147,24,3,0,0,0
Fio9RpyMAejPEsZhDFdb5w,T,2009-07-14T17:17:57,249,3.43,20,100,536,162,4,2010,2013
qWlFQnkcnsJrb2lhwUF2Ng,Lupe,2011-01-11T02:26:50,14,4.06,1,50,66,1,0,0,0
VWgWJiG462Ytm_rWMRxHiA,Alex,2008-08-28T04:54:52,205,3.05,8,72,440,50,4,20,2021
Zvs990LXwWqOvjzjsohgtQ,Tae,2012-08-24T00:08:42,5,3.4,0,101,20,7,0,0,0
q9xZ_o95MTmBmLLPnZyBwQ,Kevin,2010-12-27T23:28:13,556,3.73,14,94,807,35,6,2012,2017
qUnVF9NPMsUX4G5nZ5ZSDw,Lisa,2010-08-06T11:49:42,114,3.47,2,96,364,75,3,2010,2012
4O9WNNfnQf6-a5pUt1RIwQ,Shelly,2007-12-19T19:02:31,74,4.7,5,592,117,7,0,0,0
m07sy7eLtOjVdZ8oN9JKag,Ed,2006-07-22T01:22:26,5800,3.71,2251,5755,188863,18197,17,20,2021
DSDL_v5dvLOIJ-o5sRhz4w,Kathy,2010-03-17T22:31:53,256,3.94,27,212,719,81,5,2010,2016
BKCyaw3fLry1268fwpQeIw,Sara,2009-10-12T03:42:38,177,3.66,48,1635,3491,1099,3,2011,2014
p_514Yo8SndKB7dCvGdvWw,Romes,2007-01-05T02:00:38,32,4.66,1,36,210,54,0,0,0
pPvsrGX78-vP6IctzU1-oQ,Stephen,2009-08-22T00:49:44,70,3.95,2,126,89,7,0,0,0
3J44PSuAqDNdY3L4WXWZUw,Jason,2010-04-13T18:07:46,99,4.79,12,227,465,23,0,0,0
f-8CECTr5EcC_ppaQ7SFGw,Joanne,2011-07-28T00:46:56,39,4.05,0,104,52,4,0,0,0
Q8TGsARjdIfWsnXqgQYHhw,Chris,2010-07-21T05:17:56,371,3.58,29,382,981,271,6,2011,2016
AXlUeyM2MTfz28CeW6KkvQ,Corwin,2010-09-23T19:40:57,25,3.67,2,133,70,7,0,0,0
RI9U93FjT0bKYhz_io0wHQ,Arielle,2006-10-24T18:52:46,214,4.01,9,27,429,45,3,2007,2009
-rleYbGDq6rR1oTJFWG7og,Marcela,2007-08-13T07:53:24,325,4.09,27,237,1408,241,13,20,2021
s5o6DQgvrnmJlbw2IDM9zQ,Jenn,2008-07-29T22:48:12,29,4.09,2,13,417,7,0,0,0
grFjhD2zEzfjo7Gbp8JvoQ,lovetoeat,2008-09-08T19:47:48,309,4.0,1,9,261,14,0,0,0
Je6-vkrCJxex_cmREVpLBw,Lea,2010-04-22T15:05:24,16,3.0,0,1,17,3,0,0,0
x4f9anzaaBozvJh5nv26SA,Mandy,2010-02-01T14:05:35,309,4.06,50,426,1413,149,5,2012,2016
Acapau_RiNy_9M_TieUmwQ,Katie,2011-02-21T03:17:03,591,3.68,41,234,2152,130,4,2012,2015
FrhwWri3vtD7P85xJXw5zA,Virginia,2009-05-17T19:51:08,180,4.3,11,776,743,60,3,2015,2017
Un9kXZRrhnfdhaW33OwLFg,Carolynne,2007-02-02T14:45:06,1019,3.64,99,703,17358,2299,5,2007,2011
ci7Q6NvXQ8UZrBHusVX18g,Gary,2009-11-18T00:02:02,1289,3.27,227,3061,19370,3192,13,20,2021
TaByJybLHGn9QXGE8fBklA,Cb,2010-07-01T22:56:43,47,3.51,2,88,59,7,0,0,0
i5Cm53q0pmklQsX8soi3tw,Jocelyn,2010-07-08T06:11:31,853,4.17,57,424,2151,119,10,20,2021
Et79VAN692zD2j32PM1E8w,Toni,2010-04-28T22:21:13,404,3.66,42,295,1283,231,7,2010,2017
zGYimABNU5Vk5PKHBtcPMQ,Michael,2011-02-26T21:29:56,39,3.72,1,305,74,2,0,0,0
5kMii2JySygayQpyPBjqCA,Alexandra,2010-06-19T23:11:53,1808,3.82,94,706,6120,577,12,20,2021
JVHAFY5ijpGyyCtJb6NPcg,Cate,2010-08-13T18:59:54,24,4.65,0,139,35,8,0,0,0
ThQmupHx4KjtijFlDKWsbA,Ben,2009-03-31T16:46:55,24,3.17,4,41,110,5,0,0,0
7LmJ87EijrHcoYRu9WgoHg,Jack,2007-01-24T13:08:53,1050,3.18,117,625,8417,1672,11,2008,2018
Js4nQlGRjS1Bd5vsAQQfgA,Tom,2008-03-31T01:11:13,396,4.43,44,396,2307,537,9,2009,2017
STO9KprPS0pZVO75VX_bvA,Wim,2007-02-24T03:40:48,45,3.66,4,702,95,20,0,0,0
pJYsQBaibeFgTucnm0rcPA,Pam,2011-04-03T18:57:43,38,3.28,3,21,54,7,0,0,0
rgHK4_IdibIrF990TTRoIQ,Tamara,2007-09-17T00:47:17,723,3.74,41,321,1699,323,10,2007,2016
xnpzE2wbif4dZjN0NMhi5g,Rich,2007-09-24T10:27:56,70,4.61,7,121,317,44,1,2011,2011
HYQoxBC1y1DGPq6pGP09Tw,Matt,2006-06-20T04:28:15,1999,3.74,351,2540,42352,17648,17,20,2021
wyKi5kzzggDMEQSIGBpjWA,Jean,2008-05-20T18:26:00,134,3.64,2,25,219,10,0,0,0
FdZumOby8Mx4IkdhYVfyRQ,Bryan,2010-03-14T20:16:01,20,4.1,1,9,14,1,0,0,0
oUNm5rDUDxu0LMximnNHWQ,Kingpin,2005-12-19T20:16:36,266,3.86,20,180,1843,412,0,0,0
zK-HYsRHsUrbhvWv6pq0Ew,Morgan,2007-09-18T17:56:17,276,3.49,16,97,1316,155,6,2009,2014
SZ8qITipYmexfotE5_UaQg,Beth,2007-03-07T23:01:49,417,3.7,93,482,5000,1597,4,2007,2010
k5vAqz4dTDeD9zDMweULRQ,Kimberly,2006-11-07T04:43:16,161,3.53,4,364,189,26,0,0,0
qgrRS9CS8XY-NmoktttIvg,Haydan,2010-03-27T01:53:51,37,3.85,2,20,160,19,0,0,0
9vLQrTe8uY6NuHF49YLSfw,Michelle,2010-02-25T22:34:19,197,3.74,19,232,778,68,5,2012,2016
a6myQnEM2qdJMWcYqOQWlg,Judith,2006-07-22T14:46:15,68,3.92,2,8,149,10,0,0,0
8TYNR25ifvwrwYcyKNx1BQ,Amy,2009-04-29T01:17:41,408,3.86,25,108,1660,143,10,20,2021
NWFqEfs5Z9wUmCeVfTTDAA,David,2008-12-26T14:34:35,16,4.59,1,33,20,3,0,0,0
pxyzkPY6a4FVF0aDjBgC8w,Dana,2012-05-24T22:52:49,3,4.33,0,10,3,0,0,0,0
l2sX4ls0PQFWpkDXdXBFdA,Marissa,2010-07-24T12:01:35,201,3.6,6,28,237,25,3,2012,2014
yGPSqnzFfrDKkHpadjPy3g,Tyson,2008-09-04T21:34:25,306,3.83,24,162,1105,582,3,2009,2011
S2qfY5qyfZhDxAbFPg4LwA,Christina,2009-02-17T15:23:03,240,3.9,16,116,543,64,3,2009,2011
c32KGmJRgTpyCTCKZuALZw,Ellie,2010-10-01T02:18:25,20,4.56,4,110,59,20,0,0,0
4Pwav7HENZumUr3RJE03ig,Walter,2010-12-19T02:46:38,26,3.19,1,22,61,4,0,0,0
E_9WOCYIGHtT2nbcY4_t4w,Vanessa,2006-06-14T04:53:29,891,3.81,25,175,1078,138,15,20,2021
Dr2Uiv9mn6MgUNT9rcoASg,Valerie,2009-07-15T16:09:11,23,4.76,3,271,26,7,0,0,0
IzJ36jX6V6ky5BtoN-Agng,Chun,2008-06-29T23:59:56,1861,4.34,433,5435,41679,10368,14,20,2021
qRBTAUOEWrBY9N1JszH1ow,Swetha,2006-04-16T23:15:45,529,4.08,41,294,2064,372,9,2009,2017
4pefQIbqzrkPTlDSM62otA,Shani,2008-07-17T22:26:21,216,3.94,47,282,1357,220,3,2009,2011
gr6czSdo2_AlM-LjV_mvbw,C,2009-03-07T18:47:40,159,3.57,3,128,384,32,3,2010,2012
Tk_FWXueutKii3f9yJFsdw,Rachel,2008-01-25T03:53:32,359,3.79,33,433,978,277,4,2008,2011
eTvp_hYnsrI5-ow_sQ31_g,Patt,2010-07-13T15:42:03,1028,4.05,145,592,18228,15460,12,20,2021
h7qNmqTAIc05zNtIpmlDJQ,Holly,2009-03-18T14:30:30,461,3.88,56,367,4790,1568,7,2009,2015
EkBaG24NaAyiEkJZLJ7K_A,H.R.,2009-08-11T00:06:37,333,3.23,53,321,4635,2819,8,2009,2017
FH14lvoIAKhva9KVgvzKJw,Dylan,2011-09-19T21:44:11,34,2.86,2,295,109,6,0,0,0
Qb8QNqwCH9VgIsugoHG--g,Geoffrey,2009-08-28T18:57:58,25,4.36,2,56,30,1,0,0,0
0h4oT8ueMk9d6cKzk2t0qQ,John,2008-11-24T04:06:11,31,3.4,4,102,188,27,0,0,0
fCMxArYY8wSWxKuM27azrg,Michelle,2008-05-11T04:41:25,164,3.99,15,157,514,61,2,2008,2009
XpVUWxVoNp75aZHusk9T8g,Joycelyn,2010-01-13T04:57:28,280,3.88,22,216,602,116,5,2012,2016
S4YZloQTAbIkqTNsfAFfnA,Jeff,2010-07-24T02:29:12,33,3.64,2,48,38,4,0,0,0
YbpLvFrMPiStbPPkj7K3qg,Liz,2010-05-22T14:55:46,318,3.66,10,65,582,126,3,2010,2012
ssF0fA9ev2K6JendJaaMrg,Nick,2007-03-06T05:35:19,147,3.71,1,38,326,21,1,2009,2009
CUmUCdczdg2vZHdlJ3safw,Todd,2010-11-17T02:44:03,31,4.25,1,10,20,0,0,0,0
7PHHxsjyk7I7oM6ENxwZZQ,Adam,2010-11-14T07:23:07,1095,4.48,107,276,7375,275,7,20,2021
YrV3NLnSg35UBIM76w35ww,Brandon,2011-06-17T23:50:44,5,1.67,0,621,17,1,0,0,0
1sGYXSkJHPhJ6wQtc-RbZw,Kimberly,2009-07-12T01:03:14,820,3.85,149,938,12681,2615,14,20,2021
8yStSioe9M9uEoeqlZGY1A,Psydde,2007-09-23T23:20:24,15,4.17,6,189,86,11,0,0,0
k6HN0FE8NC8vV1sZuu0O4g,Alexis,2006-07-16T17:43:32,729,3.58,151,580,5426,597,5,2006,2010
Qa2NoSc6DphQArihBgY9Gg,Brooke,2007-05-28T19:12:41,1030,2.94,65,743,11041,1546,2,2008,2009
jfWSPWnGjSLHGMz0CNIZtw,Steve,2010-07-17T20:37:25,55,3.13,5,177,82,8,0,0,0
xSI4zpl9EaETOHyzshOIBw,Ashley,2010-04-05T01:25:11,369,3.99,30,350,1505,328,6,2010,2015
K3353tGh1hzfg132DwjWjw,Fran,2011-03-21T16:57:22,25,3.81,0,111,51,13,0,0,0
B_T4fv0GlGcZLDpchBX-0g,Nicole,2010-03-11T20:35:51,650,3.91,92,768,2539,314,11,20,2021
LJhQx48XHLggMDxkX4bePw,A,2007-06-19T03:02:43,137,3.91,5,64,1036,40,0,0,0
9Gdifl4r1t6lHdEu4gzhiA,Dee,2008-04-05T21:18:36,1226,3.98,63,183,4472,961,15,20,2021
O5HnDFz6IzJ3ti3hG65XtA,John,2011-05-14T21:17:41,7,3.43,1,73,13,0,0,0,0
R0jNomBTcFysG4I-xMTtbw,Audrey,2010-08-26T17:23:38,2,5.0,0,53,1,0,0,0,0
Egxm2aSl_e9PoO-I-0XaLA,Brian,2007-02-28T22:44:30,400,3.64,22,370,2057,323,2,2008,2009
kLm3B6LeboEZWX_4otpILA,Izzat,2010-04-11T01:43:25,1670,3.65,35,238,1216,84,12,20,2021
GvvCiaQfD1pb8NU4c20C4g,Michelle,2009-10-22T06:20:05,110,3.23,2,6,91,2,0,0,0
ii7v9u3gTo3xvxhcsBu3zg,Master,2010-09-20T00:18:51,10,4.91,1,186,7,2,0,0,0
U11j0md4DV59nXD6kdb0KA,Jessica,2011-03-13T04:48:15,488,3.6,65,188,1406,108,12,20,2021
c11NnfZEkPQg9khQWjtKWg,John,2010-07-14T10:46:19,71,3.72,1,68,130,19,0,0,0
8DP1VoyxKIzoUE7qiVPyhw,Meg,2011-02-16T17:13:24,1,5.0,0,7,1,0,0,0,0
stLKaPPdqc40c_q3dISabg,Nick,2010-10-13T20:09:32,17,4.58,1,205,31,3,0,0,0
9HZ8hY5q2ESYA36uF2lKvQ,Damen,2011-06-13T02:44:36,7,4.0,0,189,7,1,0,0,0
tipQmXdg181T4NvxrXPjFg,Sabrina,2011-08-20T23:31:53,183,3.52,83,3008,2051,1367,3,2012,2014
rtl1e2FVr67mPulZFxrkbQ,Nathan,2008-07-12T22:07:42,321,3.93,33,335,1510,334,2,2011,2012
O7ly1kO-eDJv9uGuyYgaIw,Andrew,2008-03-14T00:10:51,177,4.12,5,294,255,21,0,0,0
in672plSIGcbOj2q5moYwg,Cricket,2010-09-19T07:20:27,212,3.88,39,343,2765,1016,5,2010,2014
16bmaGpCAqZB0PzjLTADWA,John,2006-07-20T16:34:24,160,3.99,8,96,221,28,0,0,0
xzvTed9al7cOEc0S57kb3w,Tina,2008-05-01T06:11:26,584,3.83,23,233,1007,98,7,2010,2016
VatZipEmv3Wx5iQK0QL-pA,George,2007-12-30T01:22:02,593,4.07,86,572,8941,2059,10,2008,2017
OgYi5x02MBukfxPNFe1ePg,Colleen,2009-09-17T13:53:53,1516,3.84,695,3041,21824,10979,14,20,2021
ZcFrsDhZ6aM45kwHlRkmyw,Rachel,2007-06-16T22:31:32,149,3.85,12,126,303,48,6,2010,2015
MItOIDqGoFZZZJLayliaLg,Mari,2011-05-09T14:38:35,23,3.04,0,18,76,4,0,0,0
az7_up1dApMJhNrOzqUfOQ,Lyz,2010-11-27T03:23:38,16,4.13,2,30,32,6,0,0,0
6YysBedbKp3TQ_Py8tmcMQ,Meredith,2010-07-28T06:06:20,107,4.03,8,733,238,24,2,2013,2014
McPU8udr9OLqYKh8wFQpGw,Darcy,2008-06-07T14:39:31,26,4.33,2,10,31,5,0,0,0
g-Cdew1rrW2nu6TbgVBjmg,Matt,2007-10-22T00:23:27,292,4.17,6,164,610,56,0,0,0
ox4AXdK4C2ADe5loj66mGg,Jason,2011-03-03T04:44:28,61,4.14,0,119,79,5,0,0,0
9unR5cAeDx1CPtKH2Hctfw,Kristin,2010-12-31T14:14:51,111,3.64,2,24,180,8,0,0,0
0fKmCIvKlkXwBZU44D0umg,Daniel,2011-05-08T07:00:10,320,3.99,27,312,1555,76,7,20,2021
J-urqhA-tYOqvwtxjkJfIA,Emily,2009-05-18T13:25:55,35,3.94,6,127,269,41,1,2009,2009
418J-bXe-ox5Cp_opOWWvg,Devon,2010-08-23T01:30:51,40,3.98,0,71,74,1,0,0,0
ir689oBNmrJXOspb4yq_Jg,Kim,2008-01-17T23:39:59,1864,3.73,88,445,3368,308,14,20,2021
f9M2Q8v_bGqrjbpBO-nrtA,David,2006-08-15T05:34:57,28,3.97,4,31,86,9,0,0,0
1z2aJu1qTk_gQa2NRfK1HA,John,2011-12-22T16:02:49,122,3.54,4,100,243,14,0,0,0
QPFYr4q90IH4HMoE1XIYMA,Ana,2008-01-15T21:16:18,614,4.24,103,711,8580,1021,11,20,2021
2XKlUjHGk9z-2ckFMcBEHw,Sheena,2012-05-06T16:17:55,731,3.95,136,489,3540,693,11,20,2021
SH-GRUQlUZTco0ofRbwVdQ,Carter,2011-05-13T18:30:04,197,3.62,15,169,331,51,7,20,2021
pMltyeuU4SjT6Y8YVy7HBA,Tony,2006-06-21T15:41:53,1139,3.92,58,419,3261,406,15,20,2021
by2k9-QcUwRVIvVOeLU2lg,Sarah,2010-11-14T23:04:27,32,3.34,4,133,187,3,0,0,0
fHS0bQ-l5rHME_xXKQSYXQ,Kevin,2007-03-19T18:19:11,1401,3.95,383,2417,18445,4907,6,2007,2012
X6Ft4Gh7fQIFyO1MTdrUwg,Jeff,2010-01-04T04:33:57,174,2.74,2,19,139,8,0,0,0
_R-0XC3kdGSEmVNH27NZdQ,Anika,2009-02-10T16:08:35,150,3.94,23,431,1399,328,2,2009,2010
EROW4chFZQF1E-eZVpYAAA,Aimee,2009-02-02T00:08:06,57,3.9,3,27,171,30,0,0,0
M628_58sbDGaViQrxsPuqA,Melissa,2009-08-28T17:39:48,224,3.48,12,62,618,86,6,2010,2015
XpnMUYT2HDuUB7ycRtw2ew,Jia,2008-10-29T22:37:55,146,4.39,18,428,326,56,2,2014,2015
X5cUYGLWiauXk3C7h1GMfg,Liza,2009-11-08T01:01:23,18,4.44,0,24,5,2,0,0,0
36LgEtwt6ROhrCtuPjfRmQ,Shayna,2007-01-11T17:17:08,385,3.83,42,457,1434,202,5,2007,2011
Ohhrhu1RkqfVciIVx_W5HQ,Ahna,2006-07-13T19:18:52,303,3.85,12,50,904,96,5,2007,2011
3gHpfzI-rUm0viFDDFYZIg,Kishore,2007-04-02T08:52:54,30,4.1,0,81,27,2,0,0,0
ebaMzyIDq-6VLn_Z92UgPg,Veronica,2007-10-15T21:10:54,147,4.01,56,773,1469,262,0,0,0
2YKkLFeOx-0zRcWp0KUv_Q,Mark,2010-06-07T21:08:02,564,3.69,63,248,4252,1171,12,20,2021
jIdpjWPfWKneYPGGtKUM_Q,Cindy,2007-12-28T03:44:51,447,3.71,21,48,552,61,12,20,2021
g0ML1VMEftkgrtwNUd3TlQ,Heather,2008-04-25T12:41:20,18,4.61,5,130,75,8,0,0,0
VFXKRVzEMbnsDcYFdwiiuA,Kent,2008-04-19T07:27:01,1072,3.35,22,154,1187,119,10,2010,2019
tpE7zlJPsfO14024i1d9aw,Siv,2011-01-10T01:44:02,24,3.3,0,425,37,5,0,0,0
RODUc87UULC1p67gAeR1xw,Shaka,2008-06-23T14:36:56,116,3.58,3,13,494,29,0,0,0
VRw00O-WCrVHaGTk1Jk6Cg,Todd,2010-02-05T06:49:26,694,4.13,61,879,1785,100,7,2012,2018
XgodmqFjRvbCG3nfLOKFvg,Mae,2008-02-13T17:12:54,184,3.7,30,1487,609,188,1,2009,2009
dPdpfqKL2y6Id8RtqPqdkA,Christine,2006-02-23T17:52:18,167,3.47,14,129,529,44,3,2006,2008
0MP38Eo_X45oHNvcKTLkRA,Andrew,2007-08-14T16:06:36,20,3.64,5,71,81,10,0,0,0
FoO5vOMb3_nKGmMiDUm8lA,picunte,2008-05-17T14:53:11,60,3.53,2,1,79,2,0,0,0
y5qEpAfJQaOjjG8ZJWrp6w,Jill,2007-03-24T15:47:23,333,4.23,32,92,2111,129,6,2007,2012
pYoKc9NfstkvwR1ZBAuGPw,Mark,2009-06-02T23:04:20,394,3.93,15,375,793,91,7,2009,2015
o_1beq3LiW_JH_rgUNBoFA,Kevin,2011-02-20T00:10:34,274,3.66,16,238,1000,92,5,2014,2018
AsUvXYx9ZVn3IMJmAIwhYw,Tiffany,2011-03-25T04:59:16,694,3.89,263,1524,11528,1451,11,20,2021
-tnodf38uCXjogMhZtcWxw,Matt,2008-08-26T14:24:16,453,3.33,7,20,616,38,0,0,0
1jFPCW9Oy1D0gWudY7w7Ug,Carlos,2009-06-08T23:45:23,29,3.82,1,135,111,5,0,0,0
ki7OU-sg_ci0T11l-cANhQ,Justin,2009-06-30T05:37:15,58,4.25,1,9,118,5,0,0,0
CQUDh80m48xnzUkx-X5NAw,David,2008-12-29T21:03:01,4216,3.91,579,5195,44836,7707,6,2009,2014
OoFKiEKyw97IWhbecLHSwQ,Sarah,2010-03-02T15:49:02,83,4.24,16,440,230,111,2,2010,2011
zlXlvI_IKONWpzOXugfwbA,Nilda,2007-04-19T21:14:13,338,3.5,57,285,3934,1066,4,2007,2010
yCyYKXclouR94TnpRLBGRQ,Allison,2008-10-20T20:07:38,214,3.82,13,205,795,124,5,2010,2014
xwm5nymG7-CraHZsX130tA,Rob,2009-08-07T08:06:16,20,3.81,4,4,39,6,0,0,0
M9puGD3VU5FuhE60HklCvg,Ruth,2006-11-12T23:50:50,2400,3.22,487,3709,35049,6779,17,20,2021
OHbUGOs8hJS95foAhD7xUQ,D,2011-02-06T11:59:39,65,3.76,2,8,86,12,0,0,0
mZHk_DPbeUTQBZOBOyoqlA,Erin,2010-06-22T16:34:18,280,3.53,28,188,1586,203,2,2012,2013
4VbB9qS2Xvk-bjAI1bNlGw,Erica,2009-02-18T14:41:31,197,3.94,104,2406,3679,1091,5,2012,2016
K2VZMLykxnctDXWgO23lJg,Tim,2010-05-15T03:33:56,358,3.4,13,544,486,132,4,2011,2014
iRPGY02VkT5qW3iszBl_yg,Molly,2010-01-03T01:59:00,28,3.97,3,11,211,7,0,0,0
8P6SjKjlQkNfwYSnBVu6Aw,Roger,2008-04-11T21:39:33,19,3.95,1,8,22,3,0,0,0
ku7MXSmR4uStJZtzh6ALqw,Stacie,2011-04-27T02:16:41,19,4.16,2,75,52,5,0,0,0
x6erNzhuM_c7xW6PlqClIQ,Zoe,2007-08-25T02:36:44,742,3.79,49,197,2766,216,8,2008,2015
63z_FCCfTar6Q6nFCNRezQ,Tiffany,2008-11-19T02:59:24,70,4.01,13,289,170,17,0,0,0
XcwBT1a_5ZjdaPZTZOhN-Q,Tung,2011-04-03T09:22:14,528,3.86,25,487,971,86,7,20,2021
GYklwfO3N5BXeZ1RjHPDJA,Jose,2007-05-21T05:50:56,96,3.99,5,30,255,28,0,0,0
U8BAWPaPPe9sUp7m0k2fdg,Lillian,2007-06-26T20:12:13,41,3.63,4,21,273,42,0,0,0
b3k-4r8F0o1n4TxxmuN62A,David,2007-04-19T23:01:18,37,3.15,3,148,155,13,0,0,0
itm7J1IWFo3YGBwcZUin9g,Quynh,2011-05-03T05:26:11,21,3.82,6,185,49,4,0,0,0
TCauYZf5swof7iCPsBUmsg,Ferdie,2010-09-01T00:21:25,3,2.33,2,27,5,1,0,0,0
fw9gey--wpQ9syqC8GleSw,Jenna,2010-08-14T21:19:11,6,4.0,0,21,3,3,0,0,0
6UhVJ1QlO1Y-BVMvRyuljg,faine,2005-12-09T03:25:04,123,3.66,12,27,776,63,0,0,0
DVkshdrhQUL-4ds0gJQQKA,Michael,2010-03-01T01:07:25,141,3.49,5,59,415,15,0,0,0
HM8mOekJ028ck9yfTpldPw,Tom,2006-07-19T19:16:03,621,3.51,66,319,3010,591,5,2006,2010
lf1m4CbheuUR7fFZoLGRvA,Rick,2007-11-18T20:40:12,1126,3.86,156,2778,10343,1316,15,20,2021
IGuCHgHr_K0XOVlEzKcIrQ,Shar,2009-06-12T06:08:01,226,3.84,31,588,1613,169,7,2010,2017
CvZGAp4Q2QgJbYqLG1Fetw,Mateo,2009-03-11T18:28:05,235,3.82,27,503,1061,281,7,2010,2016
ijfxzX1up5MHHt-BdGrrYA,Douglas,2008-01-10T02:40:21,16,4.75,4,122,62,5,0,0,0
zxxtMBaLWnhFc6ZBDDsCtg,Chan,2011-05-04T23:38:31,15,4.06,2,202,28,2,0,0,0
86EB3KT3H-Eyc7sl_WsUkQ,Stacey,2008-12-20T02:38:55,29,3.79,2,67,31,4,0,0,0
waY4AzngWdZ9JqYBrUUmew,Norma,2010-09-07T23:24:36,57,4.11,11,175,389,957,2,2012,2013
T6TjDj9BQuS46xDB8eeHFQ,Kelly,2008-04-12T01:21:08,152,3.45,10,112,595,49,0,0,0
YYGZyYuGkAo5rLKinakdig,Robert,2007-04-22T15:49:02,32,3.94,2,65,34,5,0,0,0
X2Lx9YYpwH1Ozb4VJ-OD7g,Jennifer,2011-07-26T12:21:08,237,3.64,47,788,1531,244,8,20,2021
7lKzYA3pZWxpnTFRNpPCFA,Antony,2011-10-23T19:47:29,49,3.02,5,2,309,6,0,0,0
GG0mFsEXb-02_dzFPqRV1Q,Mandy,2011-08-30T13:46:26,754,3.46,57,339,4688,323,12,20,2021
nPJw7YpKgHE6fowxgl3l1A,Abbie,2011-08-26T04:14:07,157,4.06,15,112,287,67,4,2012,2015
t4aq9buiAuyciHxr7RvzNg,Maia,2008-12-02T21:01:46,302,3.63,70,1048,1510,496,6,2011,2016
y9WhhW724xLQ4p_lGQCQkA,Timothy,2009-05-22T01:32:07,341,3.36,38,160,3264,1096,2,2010,2011
TN4W0bPo7-8Pi5KUVAy8aw,Josh,2010-08-11T21:01:07,9,3.22,2,282,33,3,0,0,0
uMn7wkivl82sjv0-H6wlpw,Victoria,2008-12-13T17:47:54,509,4.03,127,379,3995,1827,11,2009,2019
8nCJfTcDv2qDW0HkGQpOPQ,Sam,2010-10-25T07:00:14,48,3.77,4,361,121,8,0,0,0
H4Q_w39G5uBIkHUseMKhpg,Patrick,2010-03-18T15:06:41,46,3.96,2,272,171,49,1,2010,2010
YUFqbfAePA8tgT2zE2y4xQ,Annie,2008-04-10T02:46:54,191,3.78,36,257,2074,658,5,2008,2012
m1LzN8vRCuJYwrDfJA0fiw,Joe,2009-07-05T20:22:46,27,4.41,1,241,62,3,0,0,0
q31f3uFJsFTNFFolAQkWCQ,Jeremy,2008-02-21T19:33:08,934,3.4,56,264,4380,1264,15,20,2021
2botYYVjkOyNXYhzYZUrIQ,Jeff,2007-12-06T16:25:03,358,4.02,57,327,2512,604,6,2008,2014
k_muz40jJaiY1PVga6NDXA,Louis,2008-06-09T00:16:02,1070,3.84,64,398,4403,405,15,20,2021
5BpJEC8YVi80ecWT5CtlfQ,Jenny,2008-09-11T01:51:00,2739,3.62,427,2512,43110,12058,13,20,2021
8UPTxp6SXvQe6JoEbEGcyA,Logie,2010-07-31T13:31:38,440,4.02,49,459,4264,1865,0,0,0
FqYYd3p-phMkZ5GVjkUzxg,Susan,2006-05-02T01:19:45,352,4.16,39,263,4033,984,13,20,2021
reGfsd5pE4W85VSS6NYhOQ,Brianne,2010-11-04T01:07:29,19,4.0,0,21,76,1,0,0,0
tGxC-bdojFzROxk9oepRgQ,Jeannie,2010-02-27T18:49:25,40,4.0,5,23,77,7,0,0,0
mJWhCoWXpoxgAHXWd0c-3w,Sarah,2008-12-30T22:59:05,61,3.98,4,7,329,71,1,2009,2009
3WSgEXBS9SQkLg37rF9G3g,S,2010-02-05T04:50:43,460,3.7,360,1113,14483,6174,0,0,0
2M01rniHjqap5IBVQ_eV8Q,Amy,2009-09-30T22:46:16,66,4.01,12,113,404,52,2,2009,2010
HPhgvrUlHVmOEuOIGLEZvg,Usagi,2010-02-16T03:00:46,332,3.67,28,302,3761,960,0,0,0
651eEf0zlIh9k8Kxqzzg8w,JT,2011-06-08T13:40:00,8,1.67,0,133,29,1,0,0,0
HM_4PEkC_NCaS3TOas-sAw,Chris,2008-06-08T06:07:51,16,4.68,1,522,34,8,0,0,0
PNTbcuPX5V81XibwrNzskg,Paula,2007-06-21T04:58:44,122,4.15,1,329,183,14,0,0,0
eUBGDZ2VEglZEFEiZiNTsg,Bob,2008-02-02T04:56:27,24,4.12,0,2,23,0,0,0,0
A5696UJqaQMQVtWStQyX9g,Eddie,2009-04-03T22:33:53,179,3.77,16,181,1183,484,2,2010,2011
wKLYI27-HlYoI_KpyaLJjw,Donald,2009-11-19T17:33:17,89,4.21,5,158,121,66,0,0,0
9xULVStLCR4ZmQ_YaU6m2g,Statia,2007-02-08T02:08:59,89,3.73,5,26,556,38,1,2009,2009
zHvS1F_6wOPSLUk6vpDEGA,Taylor,2010-06-30T17:07:11,1171,3.64,92,722,5874,928,13,20,2021
7eeANPaL34dTeUyqy9cIYw,Monique,2011-03-22T05:39:02,101,4.19,40,276,906,308,2,2012,2013
HFPC7kUjgRtuBQdc_1X0cQ,Natalie,2008-04-10T13:27:19,108,3.97,7,32,319,57,2,2010,2011
IPKtxPKLM-PuLHGoT1e7iw,Beth,2011-05-14T14:11:45,26,3.89,2,7,28,6,0,0,0
xl2zFMHnMfHBXe1TNR6i4g,Chelsea,2009-08-14T22:49:48,106,4.19,7,392,134,9,0,0,0
eAA9CmVmPIRewS7l6l7xbw,Rebecca,2010-05-27T15:28:59,80,4.43,8,223,305,35,2,2015,2016
45Za0-djDjG3nk4zSlGfuA,Robin,2009-06-18T02:36:59,20,4.03,3,21,24,8,0,0,0
pRfWy61wU9e1nrCVrOEWLA,Richard,2008-06-16T01:56:09,1543,3.74,87,158,4219,445,14,20,2021
L8PRZYJ-Xpux56ChOAqgZA,Sarah,2008-06-12T03:53:41,647,3.92,12,147,973,105,10,20,2021
zkamNMEjihh3zN7lC7_WVw,Matthew,2006-02-04T15:53:46,15,4.07,1,257,61,11,0,0,0
WWnhqRnWWjutMqh-2SzEuQ,Steph,2008-07-09T06:30:28,3960,4.23,991,4613,68003,4719,14,20,2021
Sf8yKmUnsTk2HNzLpSxzTA,Colin,2010-04-05T23:34:36,17,3.76,2,61,57,1,0,0,0
NG2mzp-BFKPsgxy5ofaQUw,Remy,2008-04-15T19:47:40,529,3.53,31,268,1391,144,2,2008,2010
vsikhxSLtMk5APIf9U7C0w,Jay,2010-07-25T14:26:20,62,3.77,3,157,159,22,0,0,0
LfleZY423IgY6tHULVXGcw,Baeth,2010-09-17T01:19:18,25,4.67,2,273,89,7,0,0,0
ojxS1v-8nUvEEx4DlsPQrA,Kristin,2010-05-18T03:07:02,655,3.69,34,172,1035,109,12,20,2021
0QdwQLVxZpgy9Qb2Qakflw,Jim,2009-07-02T00:39:42,774,4.07,71,651,4882,446,14,20,2021
0MeivhX0kZCfV3zMtHtk9Q,Charles,2009-01-11T04:34:11,897,3.71,96,418,6596,908,13,20,2021
eh03Ytv4exbW33L2erx1kA,Bob,2010-03-03T22:17:56,53,4.41,0,25,68,21,0,0,0
Mpk9Ez93CGqyknA8Qwd9kg,Isla,2006-05-06T10:54:18,269,4.05,19,269,1829,757,2,2008,2009
OSzSzIxLnTQ1tsAwoDoQqg,Ivy,2010-08-18T06:40:43,262,4.2,14,342,1067,163,2,2012,2013
9q-Ss2Mck927jSXk-8vF3A,Lara,2008-05-18T03:41:07,11,3.67,2,13,34,5,0,0,0
5exOQK8FRpAfw5S8s2a6gA,Jessica,2009-08-28T17:27:02,216,4.1,34,356,874,403,8,2010,2017
H_BTSU_avg948rHcxwa9Ow,Andy,2011-02-12T05:24:47,315,3.86,18,1482,741,137,4,2012,2015
2OLohmwFrl8ru4w1mUXtyw,Connie,2006-08-31T19:22:24,371,3.85,36,291,1545,139,3,2006,2008
pTUlF0nvcUOEbg8E_8QWxg,Tramaine,2010-11-07T20:47:17,247,4.03,15,213,781,145,5,2011,2018
SBpz4xJ8MnrzXOpWiETCyw,Joe,2010-03-05T22:04:06,37,4.37,4,135,121,3,0,0,0
RFTVBFlgM0cqvl1daywfjQ,Kara,2007-12-25T05:03:41,465,4.08,24,166,663,125,9,20,2021
ztVQFPr9khc_TjsBny-3rA,Francesca,2009-12-02T18:54:31,414,3.62,11,9,1583,36,0,0,0
6T5zXLWfplNlvZ8E3bKjgQ,j,2010-01-03T20:28:41,12,3.64,1,150,45,2,0,0,0
d1LU2oIXZ3QaU5fZ3Jp2HQ,Jeff,2010-09-12T13:43:49,159,3.08,3,6,154,7,0,0,0
8diIRer3uONzEKAQzUbQMw,Rosslyn,2010-07-14T02:17:56,27,3.77,4,76,50,5,0,0,0
xyad5PXaHTdKrdNClXbMqQ,Christina,2009-01-28T02:15:26,138,3.08,18,229,517,114,0,0,0
Z6yq2cCc27QmssIFKWMdAA,Paul,2010-08-08T00:12:07,107,3.42,11,23,317,54,1,2011,2011
hysY3Fv38CAoY0q7e-5mUg,Warren,2009-07-01T17:30:28,175,3.51,46,1552,596,93,0,0,0
zZyvrfNSWk7rYV8Zy3VLvQ,Midnight,2009-11-02T06:15:16,356,3.75,14,74,1460,57,0,0,0
5pOgHm_SvqM_Yp5WEmNuFA,Nicole,2011-06-24T19:24:37,9,3.9,1,49,5,1,0,0,0
ZehOtBTToGUA1UWFxA6wSg,Michael,2010-01-26T00:58:53,16,4.88,0,109,26,3,0,0,0
pxHOGxXHhUYY_mgS4ofI4g,Kris,2011-01-28T01:47:51,6,3.14,0,104,27,7,0,0,0
HFECrzYDpgbS5EmTBtj2zQ,Eric,2007-03-28T19:08:35,5887,3.94,444,3228,97580,19657,15,20,2021
US4XWHCxjPA07Q_MESq0cQ,bloopie,2006-07-07T21:30:30,123,3.86,25,74,578,175,2,2006,2007
pjphaZoEhLqBvsC3y7xMDw,Ellen,2006-11-03T01:24:37,15,3.93,2,35,99,21,0,0,0
YOw1yg8THktCCioY2q55_A,Claire,2008-09-21T03:16:05,765,3.8,140,775,13005,4940,12,20,2021
X5gSx0VieHb_TvwX23y_Jw,Elizabeth,2006-02-05T00:54:06,414,3.33,17,58,919,76,8,2006,2013
ZOMeGiZqtuXJIKlEDuYloQ,Thomas,2007-08-02T03:10:57,352,4.08,13,40,1632,87,5,2009,2013
aN3hqwdyeT6AmyUq3GgIIA,Sara,2007-07-16T17:55:08,342,3.86,29,285,1147,237,4,2010,2013
2z4CSJ9EH0L-5BmzquYnSg,Nicole,2010-09-12T06:40:28,235,3.32,16,171,978,190,4,2011,2014
Q0HgKp_xW2lb55BpfSCz7Q,Kyle,2010-09-04T18:39:40,5,3.2,1,18,22,1,0,0,0
coKnuxLznH0FHb34m4ZLCw,Sarah,2010-01-19T08:03:08,532,4.09,90,747,8913,6028,6,2010,2015
NNyr4wknApjc5nF9QOO2Mg,Melissa,2009-08-27T17:14:44,186,4.32,39,234,1186,272,3,2011,2013
fj654yv6kkCtQfygTSWQYA,Crystal,2009-07-12T18:11:07,326,4.08,11,242,710,19,0,0,0
cwChkLd3jcvmqrk5UfUGJw,Rock,2010-04-20T01:17:25,93,4.4,1,261,61,2,0,0,0
9E0u_Wsf4N3rTzG591pTAQ,Larry,2010-12-03T18:49:34,93,3.56,0,127,148,8,0,0,0
i_Hm2nOQuIZ3SRiM5gcmXw,Amanda,2007-04-16T01:02:51,12,2.69,1,13,33,5,0,0,0
meSxukeC8mECIZTPzVxIIA,Steve,2009-02-26T06:01:54,153,3.92,13,321,382,52,5,2010,2014
RmXIjppHNtVveguN10iO1g,Kevin,2006-12-29T17:34:37,1356,3.79,483,2015,33060,20648,8,2007,2014
yLTonzc-sGZvfRwUsx07Xg,Judith,2008-09-04T01:08:58,487,3.27,30,245,2086,318,8,2008,2016
dkkMQorZE0EF-F5wOiqA7w,Danielle,2006-05-21T03:09:59,266,3.88,23,1167,626,174,3,2006,2008
KtUS6HMhgIPHXuwwkwReEw,Kim,2007-12-18T19:50:48,405,3.63,254,807,16756,7995,7,2008,2014
JprmPc4cZ_TrydXRhWo2gg,Daisy,2010-09-13T12:23:52,6,3.17,2,336,7,0,0,0,0
7jmAHDHVFTfoJ6v1XL8eHA,Lindsay,2008-11-05T14:25:15,62,3.55,6,146,175,19,0,0,0
SRrzKuUb2619fVa8huw2QA,Cristina,2008-03-09T14:00:48,362,3.5,8,174,614,39,1,2008,2008
rVxwIq-GU98GC2xMulsSqw,Jean,2009-01-13T05:12:30,879,4.11,53,287,2859,223,13,20,2021
duymKKwUruH8GwbvcaFd0w,Gene,2005-07-24T21:18:34,1178,4.07,95,561,2511,541,4,2006,2009
Zuwoq9rt5kbO48B59QJiRw,Stef,2008-08-20T16:06:32,108,4.13,3,62,369,44,2,2008,2009
vGVQSLDRlnfzHoJpJgSsFw,Raisa,2010-12-10T14:04:53,34,3.83,1,92,19,7,0,0,0
mmgLHTFOvWo3NjDXwuB7bw,Tu,2007-01-23T00:07:10,66,4.39,3,16,75,16,0,0,0
LPvaDDpoeVw6DB7Oepd9cg,SuSu,2007-11-13T19:38:19,69,4.14,5,52,116,13,0,0,0
5AysWo91Mw7_bvBtWUNlMw,Jessica,2011-04-01T04:48:47,36,4.17,7,20,65,12,0,0,0
jZO9ZG_9mf34bEzpZCZKsg,Mary,2008-04-02T03:16:27,170,4.28,7,48,488,17,2,2017,2019
bcB_Sq-0NkU6wWgV_b66TA,Nary,2010-05-17T03:13:18,13,3.77,1,168,43,0,0,0,0
C4-2FfgdO8IrfJX9G40IPQ,Paul,2008-08-25T23:14:39,64,3.99,15,154,175,15,0,0,0
zFszUTKwfFIWK6EAYCyR7Q,Louis,2008-01-22T01:33:42,49,3.54,0,33,139,12,0,0,0
v7gsMsxQrQlQ4-JCefu4gg,John,2007-08-07T17:14:31,1167,4.0,66,170,2737,108,12,20,2021
FVbtQgcCmWmQ-D6IR5BfZg,Jessica,2007-02-15T22:31:20,911,3.67,116,874,8244,1995,7,2007,2013
Zr4N9sG31fybEa-l3a_46Q,Reggie,2006-09-01T09:35:10,78,3.57,18,214,630,285,3,2006,2008
yhgx2AKeizmRcFVPr_GIfQ,Corbett,2008-07-31T20:17:33,22,4.26,1,31,32,1,0,0,0
oXGauhEuZJ9-fNlZO02Pyg,Autter Pop,2007-11-04T06:38:09,29,2.64,1,139,217,5,0,0,0
UKSw9kfoBfdatSMUl-jGnA,E,2006-03-12T17:04:39,495,3.56,285,6211,3935,1509,9,2006,2014
gvB-AVjjN84YwLxTIV-3hQ,Skylee,2010-07-27T18:42:28,47,3.75,2,943,83,11,1,2012,2012
nPBzbwWR6ioHRONgsfsTTQ,Navin,2008-06-17T23:42:14,267,3.95,13,232,551,51,6,2010,2016
pgxbiGCqgNV878Sd_v7XBw,Tim,2010-01-26T19:55:12,33,3.11,8,69,206,23,0,0,0
KNkoLCrAUJ56wXJnzhNtiA,Julee,2007-08-22T22:29:05,147,3.71,13,187,680,174,3,2007,2009
HQxWPs0oBHwGaKqsw_dxiw,Ian,2008-03-24T16:38:35,339,3.94,27,410,1824,107,13,20,2021
FrJ2PWKDM6S0S9yyid972w,Nema,2011-03-06T23:06:16,12,3.31,2,119,38,0,0,0,0
57tf_RmT5o3BiFj2gpV-Jg,Teresa,2008-07-27T13:08:16,368,3.76,25,142,806,319,5,2011,2016
FP4BR-Aa9GrkoMoWguoXyA,Ellis,2009-10-02T12:59:13,41,2.6,0,7,87,5,0,0,0
F6hz6UdboHgJ8DLUGCFXvg,Andrew,2010-01-09T03:05:16,27,4.52,1,28,11,0,0,0,0
-VuSUcCZCbQcdSdF7w9USg,ALEKSANDRA,2009-08-30T20:26:18,35,4.1,1,2,86,8,0,0,0
1p4wP0QzgdWXWYnRSR7MBw,Ed,2006-02-08T22:41:52,341,3.76,13,28,662,57,2,2006,2007
PBA1rCTmVaI5APfQ1WgbyQ,Courtney,2011-01-02T21:23:12,623,3.89,11,204,1601,91,10,20,2021
wV7AObFcbp0qfouPfxc58Q,Vincent,2010-08-11T17:59:10,5,3.8,0,23,4,1,0,0,0
QmYOI_SAzelAxRTgOcYLyQ,Jeff,2008-07-10T17:57:25,237,3.47,17,236,1202,238,5,2009,2013
q9Tyln685OEpIWFUdTxoYg,Ellen,2008-11-30T21:04:29,1209,3.81,113,898,7751,1145,13,20,2021
3wq5u6jaZOYzkU2kQOqRwA,Eddy,2006-04-18T22:30:03,189,3.75,20,155,628,123,4,2006,2009
uQOMhO2-70PXChcIq-fN3w,Angelica,2009-03-02T21:36:53,398,3.97,72,440,2883,440,12,20,2021
qwvxMDOxj0k2sfydwaruog,theresa,2010-08-03T19:22:19,6,3.73,4,47,14,8,0,0,0
dplrPaQpUP8n-uxPE6eHZA,David,2010-07-20T21:38:30,10,4.55,3,154,1,0,0,0,0
9Uh2NaNHX14KKi85uv9AMQ,Cong,2010-10-10T04:58:00,2,3.33,1,145,3,4,0,0,0
H6wh96nudB8jrwrQtLPZ5w,Paul,2011-04-17T00:28:28,1,1.0,0,65,1,0,0,0,0
FlXBpK_YZxLo27jcMdII1w,Mallory,2011-02-21T20:33:35,1158,4.02,102,604,7274,731,12,20,2021
TvsPmBJt_Ei1RdOtVhjjiQ,Frank,2008-05-13T03:05:02,621,3.7,27,43,1234,101,0,0,0
_tpzswb4NTS4bniz9aM1nQ,Phi,2009-11-07T17:55:48,1226,3.5,83,198,2156,202,13,20,2021
xQXUG94oRQxYUHZwS6Cwzg,Michelle,2009-05-31T05:08:55,943,3.87,69,841,8968,2607,9,2009,2017
aqWXHhcR_CdmKmxggFOlEA,Wendy,2005-09-25T03:36:49,1313,3.77,99,748,4047,440,11,2006,2021
p3heVCnq3M0H2LMxIuuc5g,Andreas,2009-01-19T16:06:22,1178,3.43,95,1295,4588,722,14,20,2021
IxOblhSSL_9vEUf3arVbnA,David,2010-09-07T00:04:38,16,3.56,1,4,68,4,0,0,0
OWnYWg8L67W-moQJkjrXPQ,Mark,2006-02-28T17:36:13,520,3.66,18,150,1042,180,3,2008,2010
7YuX2pNvwfdArAizyLv0oA,Carolyn,2008-12-27T22:55:14,42,3.65,4,216,179,19,0,0,0
15znE0NM6nDU2oR-i5RXVA,Lisa,2005-04-21T16:35:19,347,4.0,7,42,414,53,2,2006,2007
vTWyb3WgKHZk4EnLsZfrBg,Jean,2010-07-09T17:01:06,341,3.57,16,86,1225,404,6,2010,2015
So46aZ3y7zRl2VmFK35vCQ,Shelly,2009-10-15T23:39:24,402,3.42,104,787,2185,943,3,2011,2013
2-sRIfKT31GFQD0OCnOmwQ,Lady,2007-08-30T18:56:10,353,3.31,111,221,5799,2701,3,2008,2010
rDORGCGHV984OBXwqu2FYQ,belinda,2007-08-28T02:00:07,436,4.37,55,96,1225,156,1,2009,2009
z3yOJaNdvqzXc6L1RbTl_w,rebecca,2006-12-04T19:03:52,107,3.06,1,17,237,15,1,2010,2010
vl29cxjaJ8Y_Th8F0R8OyQ,Karen,2010-06-15T13:14:55,402,3.93,22,651,760,43,10,2010,2019
XnWTpZeb0atyolIc5-XRUw,Mike,2009-09-10T06:17:31,267,4.08,22,135,758,166,11,20,2021
n3yEb3IYT6Fab9nf7luifg,Robin,2011-06-28T01:18:05,30,3.72,1,60,59,7,0,0,0
7mzo8uYToyTkdl4kpAsgiQ,Jeanny,2011-08-12T00:20:54,109,3.98,2,265,107,12,1,2012,2012
uUcNCwf86aea7F9AGFBJNQ,Jae,2010-07-11T14:26:36,143,2.96,3,7,95,10,0,0,0
tAStD3oAe_ob9Za2H7DQ4A,Matthew,2008-07-23T21:53:12,36,4.0,3,101,140,21,0,0,0
ftO6S_Jg_eqXhxa6qGKP8w,Jenaia,2009-04-08T22:39:26,115,4.2,18,122,407,102,3,2009,2011
lT0jFHCIloX3bnF5eu0ERg,Mikey,2009-09-28T15:42:26,262,3.96,44,773,1573,206,3,2010,2012
EVaW-GGDEbYrYhgGUmO0DQ,Karen,2008-07-17T16:10:13,1198,3.71,29,409,2830,482,0,0,0
dI8kmo3hMqY7xwV9TmJlqA,Amy,2010-12-17T02:34:02,78,3.8,3,17,385,149,2,2011,2012
TBq1yn10ZcLsJzQwgaTBUQ,Angela,2007-05-15T03:20:06,29,3.71,3,113,21,2,0,0,0
9X63Z6GZfr3rfZImi8rNiw,Joy,2009-02-03T23:43:05,114,3.91,16,115,460,44,3,2016,2018
3hANLGwpP5tXgHOes2XheA,Kimmi,2011-05-16T12:22:50,282,3.95,32,845,1409,226,5,2011,2015
clLKvGH-1oauaInqjp3jkw,Ag,2011-03-14T22:13:09,53,3.83,11,90,153,48,1,2012,2012
JXbz8URET4T6SWVrDmKWTA,Janelle,2007-01-26T19:22:50,417,3.39,26,58,1512,105,2,2007,2008
GmQR50bIII7gDNRYEgfXfA,Tiffany,2009-04-23T03:02:03,1770,4.17,323,1286,25432,2053,11,20,2021
5dZTVQxo4szVKkejgkCQVA,Jeremy,2010-09-19T01:23:33,1,1.0,0,10,17,1,0,0,0
rcU7ysY41qGppbw4pQgjqg,Damien,2007-06-30T12:28:20,2057,3.87,1106,5817,40550,9938,16,20,2021
gf4tyQgQOtVMkOdvveRHVA,Henry,2008-02-05T18:06:36,1512,3.79,64,477,5981,1736,1,2008,2008
-AJV31rH5tZmKI0f0rlQnA,Starr,2010-05-03T02:44:04,363,3.97,57,172,1623,344,10,20,2021
hOnMliHBDtUZ4qyIE-HJ7Q,Jeff,2010-06-03T17:52:28,50,3.82,0,291,47,2,0,0,0
yU9VHS_AuXUKbdrzcoDTNg,Jillian,2009-07-22T07:26:29,150,3.94,63,557,2973,2016,0,0,0
l1ExDt-skQ7ebpUGZZKgyQ,Daniel,2008-11-22T17:54:41,361,3.73,21,34,1146,101,7,2010,2016
BUwajB8j__9-fA8405vYNg,William,2007-12-11T03:22:45,158,3.23,9,51,557,45,2,2009,2010
tLe5dddFbwDb7IUCUUC2Gg,Leon,2007-04-17T18:26:01,79,3.74,3,15,202,6,0,0,0
rlDDkE6G-nMO-z0hNqekzA,Brad,2009-05-10T01:11:32,1403,3.93,191,469,6388,399,10,2010,2019
XsL5Dz2FXpoGjIwX30hYfA,Anne,2010-10-28T15:48:39,117,4.96,5,659,315,4,0,0,0
aZixAQG6m-dyGtJqm4Aphw,Kathy,2010-03-14T07:01:24,20,3.48,1,79,27,2,0,0,0
m5Ou-7SxevQT0XyrCiJGHw,Yaniv,2008-11-19T05:22:05,35,3.89,0,20,119,3,0,0,0
k-vckI6UzvLVZmd_W7WrsA,Andy,2010-05-16T02:08:56,812,3.94,121,614,8130,1125,13,20,2021
Wttx9bqHkOnRXokSrAjY_w,Adam,2010-01-03T11:18:29,222,4.15,4,88,390,11,3,2015,2017
h6RctdQAXQu8drV28iv29g,Angus,2009-12-19T20:36:22,143,2.94,0,227,245,13,0,0,0
DurbS6wtH3iHkL-X-XUOEg,K,2010-04-19T03:24:09,11,4.45,1,120,5,0,0,0,0
SNMkSpTy6buAfhKx6NSNJQ,Ted,2009-03-08T17:03:13,84,3.86,2,832,66,10,0,0,0
FhydOYT0JYsk0iTcwzggpw,Meghann,2008-09-23T00:56:44,133,4.14,3,86,255,31,0,0,0
NzXvqHFS6YYDY_qnfCHc7A,rebecca,2009-10-07T23:54:03,28,4.21,0,37,27,1,0,0,0
GdNx0Urm3NInlWnHvGHJ6A,Cecil,2009-01-26T23:43:08,16,2.18,2,50,74,2,0,0,0
o4tYl3Hz0oDfpNn4k02DCw,Sandy,2010-01-20T16:22:09,1708,4.01,513,3900,56622,14704,12,20,2021
dTiuUeT2c7-JcA_ta3TC7g,Rick,2008-01-10T07:31:34,87,3.12,3,60,123,55,0,0,0
76ew8CgYNfC6NY2deluWsA,Austin,2008-08-03T21:02:00,31,4.61,5,422,86,6,0,0,0
XPxM2kMdP-RlkS9TseJHbA,Seth,2009-05-05T14:47:42,17,4.22,3,236,39,8,0,0,0
EiwxlbR8fb68lMgEXhcWKA,Lorrie,2008-11-07T23:53:03,3113,3.82,521,4503,32592,6085,15,20,2021
fFvCQoOEb4IW-FqpTO2Z-A,Vivian,2008-11-23T17:52:12,88,3.78,16,93,169,43,0,0,0
e9x70wHE9-3FBqm60n4uHQ,Louis,2010-07-11T02:22:40,30,4.4,4,260,72,14,0,0,0
UYUWmXsUynm4sTkwk9siZw,Chris,2008-03-14T14:41:58,327,3.88,69,332,4478,1016,6,2008,2013
T43D20OvAS0fJ1IgQed59g,Ms. Jasper,2008-12-07T19:45:24,12,1.75,0,2,13,0,0,0,0
uGZ_B4azzKRFGEOGEMkM9A,Elizabeth,2011-04-20T02:25:47,11,4.75,1,86,19,2,0,0,0
kepqZPSeGh0Ns1zfOgL-zg,James,2009-01-05T01:13:03,469,3.55,22,379,996,191,9,2009,2017
DihTsliUxbqpoA9W3uRDBA,Abegail,2009-02-02T18:19:58,897,3.7,225,1450,12017,2622,13,20,2021
GZ_000Yr72OFcKv9ZaBseA,Lucie,2009-08-05T08:21:15,7,4.71,0,158,55,3,0,0,0
KmUFaI21IQfQWajv3BrEgw,Timothy,2011-03-29T22:05:31,79,3.45,4,4,128,14,0,0,0
398uzpPdN0Uu9ZhePPfebw,joey,2008-12-02T14:29:35,14,3.21,1,104,51,11,0,0,0
8gYDk0qh586uzePzzU763g,Renita,2008-09-10T15:29:43,819,4.02,101,560,6939,3034,10,2009,2018
Sg_BvnTHsbc1AABiJjaiPA,Vivian,2010-01-06T03:38:24,1398,3.45,83,956,3215,296,13,20,2021
lngQbdPu3BJa8bmNmxexnA,Wyoming,2011-05-20T16:44:06,81,3.81,15,70,744,70,1,2012,2012
